SET NAMES 'utf8mb4';
DROP DATABASE IF EXISTS flapp;
CREATE DATABASE flapp;
USE flapp;

CREATE TABLE Passeggeri (
ID_PASSEGGERO VARCHAR(10) PRIMARY KEY,
Nome VARCHAR(100) NOT NULL,
Cognome VARCHAR(100) NOT NULL,
Codice_fiscale VARCHAR(16) UNIQUE NOT NULL,
Data_nascita DATE,
Telefono VARCHAR(18) NOT NULL,
Indirizzo_mail VARCHAR(100) NOT NULL
);

CREATE TABLE Aeroporti (
ID_AEROPORTO VARCHAR(10) PRIMARY KEY,
Paese VARCHAR(100),
Città VARCHAR(100),
Codice_iata CHAR(3) UNIQUE,
Nome VARCHAR(100)
);

CREATE TABLE Aerei (
ID_AEREO VARCHAR(6) PRIMARY KEY,
Modello VARCHAR(100),
Capacità INT,
Immagine VARCHAR(2048)
);

CREATE TABLE Personale (
ID_DIPENDENTE VARCHAR(10) PRIMARY KEY,
Nome VARCHAR(100) NOT NULL,
Cognome VARCHAR(100) NOT NULL,
Data_nascita DATE,
Codice_fiscale VARCHAR(16) UNIQUE NOT NULL,
Ruolo VARCHAR(100) NOT NULL,
Password VARCHAR(255) NOT NULL
);

CREATE TABLE Voli (
ID_VOLO VARCHAR(10) PRIMARY KEY,
Data_partenza DATE,
Data_arrivo DATE,
Orario_partenza TIME,
Orario_arrivo TIME,
Durata TIME,
Aeroporto_partenza VARCHAR(10),
Aeroporto_arrivo VARCHAR(10),
Aereo VARCHAR(6),
FOREIGN KEY (Aeroporto_partenza) REFERENCES Aeroporti(ID_AEROPORTO),
FOREIGN KEY (Aeroporto_arrivo) REFERENCES Aeroporti(ID_AEROPORTO),
FOREIGN KEY (Aereo) REFERENCES Aerei(ID_AEREO)
);

CREATE TABLE Prenotazioni (
ID_PRENOTAZIONE VARCHAR(10) PRIMARY KEY,
Passeggero VARCHAR(10),
Volo VARCHAR(10),
Prezzo_biglietto DECIMAL(10, 2),
FOREIGN KEY (Passeggero) REFERENCES Passeggeri(ID_PASSEGGERO),
FOREIGN KEY (Volo) REFERENCES Voli(ID_VOLO)
);

CREATE TABLE Servizio (
ID_dipendente VARCHAR(10) ,
ID_volo VARCHAR(10) ,
PRIMARY KEY (ID_dipendente, ID_volo),
FOREIGN KEY (ID_dipendente) REFERENCES Personale(ID_DIPENDENTE),
FOREIGN KEY (ID_volo) REFERENCES Voli(ID_VOLO)
);

CREATE TABLE Recensioni (
    Id INT AUTO_INCREMENT PRIMARY KEY,
    Nome_utente VARCHAR(50) NOT NULL,
    Contenuto TEXT NOT NULL,
    Valutazione TINYINT CHECK (valutazione BETWEEN 1 AND 5),
    Data_recensione TIMESTAMP DEFAULT CURRENT_TIMESTAMP
);

INSERT INTO `Aerei` (`ID_AEREO`, `Modello`, `Capacità`, `Immagine`) VALUES
('AER001', 'Boeing 737', 215, './img/aircrafts/boeing_737.jpg'),
('AER002', 'Boeing 747', 660, './img/aircrafts/boeing_747.jpg'),
('AER003', 'Boeing 777', 396, './img/aircrafts/boeing_777.jpg'),
('AER004', 'Boeing 787 Dreamliner', 335, './img/aircrafts/boeing_787_dreamliner.jpg'),
('AER005', 'Airbus A320', 240, './img/aircrafts/airbus_a320.jpg'),
('AER006', 'Airbus A330', 440, './img/aircrafts/airbus_a330.jpg'),
('AER007', 'Airbus A350', 410, './img/aircrafts/airbus_a350.jpg'),
('AER008', 'Airbus A380', 850, './img/aircrafts/airbus_a380.jpg'),
('AER009', 'Embraer E-Jet', 120, './img/aircrafts/embraer_e-jet.jpg'),
('AER010', 'Bombardier CRJ', 100, './img/aircrafts/bombardier_crj.jpg'),
('AER011', 'ATR 72', 78, './img/aircrafts/atr_72.jpg'),
('AER012', 'McDonnell Douglas MD-80', 172, './img/aircrafts/mcdonnell_doublas_md-80.jpg'),
('AER013', 'Fokker 100', 100, './img/aircrafts/fokker_100.jpg'),
('AER014', 'Boeing 767', 300, './img/aircrafts/boeing_767.jpg'),
('AER015', 'Boeing 757', 280, './img/aircrafts/boeing_757.jpg');

INSERT INTO `Aeroporti` (`ID_AEROPORTO`, `Paese`, `Città`, `Codice_iata`, `Nome`) VALUES
('AIR001', 'Italia', 'Roma', 'FCO', 'Aeroporto di Fiumicino'),
('AIR002', 'Italia', 'Milano', 'MXP', 'Aeroporto di Malpensa'),
('AIR003', 'Francia', 'Parigi', 'CDG', 'Aeroporto Charles de Gaulle'),
('AIR004', 'Germania', 'Francoforte', 'FRA', 'Aeroporto di Francoforte'),
('AIR005', 'Regno Unito', 'Londra', 'LHR', 'Aeroporto di Heathrow'),
('AIR006', 'Stati Uniti', 'New York', 'JFK', 'Aeroporto John F. Kennedy'),
('AIR007', 'Spagna', 'Madrid', 'MAD', 'Aeroporto di Madrid-Barajas'),
('AIR008', 'Giappone', 'Tokyo', 'NRT', 'Aeroporto di Narita'),
('AIR009', 'Australia', 'Sydney', 'SYD', 'Aeroporto di Sydney'),
('AIR010', 'Canada', 'Toronto', 'YYZ', 'Aeroporto di Toronto-Pearson'),
('AIR011', 'Paesi Bassi', 'Amsterdam', 'AMS', 'Aeroporto di Amsterdam Schiphol'),
('AIR012', 'Svizzera', 'Zurigo', 'ZRH', 'Aeroporto di Zurigo'),
('AIR013', 'Cina', 'Pechino', 'PEK', 'Aeroporto di Pechino-Capital'),
('AIR014', 'Emirati Arabi Uniti', 'Dubai', 'DXB', 'Aeroporto di Dubai'),
('AIR015', 'Brasile', 'San Paolo', 'GRU', 'Aeroporto di Guarulhos'),
('AIR016', 'Sudafrica', 'Città del Capo', 'CPT', 'Aeroporto di Città del Capo'),
('AIR017', 'Messico', 'Città del Messico', 'MEX', 'Aeroporto Internazionale di Città del Messico'),
('AIR018', 'Corea del Sud', 'Seul', 'ICN', 'Aeroporto di Incheon'),
('AIR019', 'Russia', 'Mosca', 'SVO', 'Aeroporto di Sheremetyevo'),
('AIR020', 'Turchia', 'Istanbul', 'IST', 'Aeroporto di Istanbul'),
('AIR021', 'India', 'Nuova Delhi', 'DEL', 'Aeroporto Indira Gandhi'),
('AIR022', 'Giappone', 'Osaka', 'KIX', 'Aeroporto di Kansai'),
('AIR023', 'Hong Kong', 'Hong Kong', 'HKG', 'Aeroporto Internazionale di Hong Kong'),
('AIR024', 'Austria', 'Vienna', 'VIE', 'Aeroporto di Vienna'),
('AIR025', 'Danimarca', 'Copenaghen', 'CPH', 'Aeroporto di Copenaghen'),
('AIR026', 'Norvegia', 'Oslo', 'OSL', 'Aeroporto di Oslo'),
('AIR027', 'Finlandia', 'Helsinki', 'HEL', 'Aeroporto di Helsinki-Vantaa'),
('AIR028', 'Svezia', 'Stoccolma', 'ARN', 'Aeroporto di Stoccolma-Arlanda'),
('AIR029', 'Grecia', 'Atene', 'ATH', 'Aeroporto Elefthérios Venizélos'),
('AIR030', 'Islanda', 'Reykjavik', 'KEF', 'Aeroporto di Keflavik');

INSERT INTO `Passeggeri` (`ID_PASSEGGERO`, `Nome`, `Cognome`, `Codice_fiscale`, `Data_nascita`, `Telefono`, `Indirizzo_mail`) VALUES
('0987654321', 'Beatrice', 'Bianchi', 'BNCBRC92S23', '1992-11-23', '+39 320 123 4567', 'beatrice.bianchi92@email.com'),
('1012345678', 'Marco', 'Bruno', 'BRNMRC84M22', '1984-08-22', '+39 347 654 3210', 'marco.bruno84@email.com'),
('1029384756', 'Riccardo', 'Barbieri', 'BRBRCR92E13', '1992-05-13', '+39 336 654 1234', 'riccardo.barbieri92@email.com'),
('1122334455', 'Carlo', 'Esposito', 'SPSCRL80L05', '1980-07-05', '+39 331 234 5678', 'carlo.esposito80@email.com'),
('1234567801', 'Vera', 'Battaglia', 'BTGVRA82M30', '1982-11-30', '+39 320 432 9876', 'vera.battaglia82@email.com'),
('1234567809', 'Zoe', 'Palumbo', 'PLMZEO88C03', '1988-03-03', '+39 351 456 7890', 'zoe.palumbo88@email.com'),
('1234567890', 'Alessandro', 'Rossi', 'RSOLSN85C12', '1985-03-12', '+39 345 678 9012', 'alessandro.rossi85@email.com'),
('1352467890', 'Vittoria', 'Vitale', 'VTLVTR89D05', '1989-12-05', '+39 329 321 0987', 'vittoria.vitale89@email.com'),
('1357924680', 'Bianca', 'Costa', 'CSTBNC85M08', '1985-08-08', '+39 340 789 0123', 'bianca.costa85@email.com'),
('2023456789', 'Noemi', 'Gallo', 'GLLNMI91T30', '1991-12-30', '+39 339 765 4321', 'noemi.gallo91@email.com'),
('2233445566', 'Daniela', 'Romano', 'RMNDDL78P17', '1978-09-17', '+39 347 890 1234', 'daniela.romano78@email.com'),
('2463578901', 'Angela', 'Ferraro', 'FRRNGL88C24', '1988-03-24', '+39 347 876 5432', 'angela.ferraro88@email.com'),
('2468013579', 'Claudio', 'Giordano', 'GRDCLD77H20', '1977-06-20', '+39 320 567 8901', 'claudio.giordano77@email.com'),
('3034567890', 'Olga', 'Conti', 'CNTLGO89E04', '1989-05-04', '+39 338 987 6543', 'olga.conti89@email.com'),
('3344556677', 'Emanuele', 'Colombo', 'CLBMNL90A09', '1990-01-09', '+39 329 567 8901', 'emanuele.colombo90@email.com'),
('3456789013', 'Nicola', 'Marino', 'MRNCLN83H20', '1983-07-20', '+39 340 123 4567', 'nicola.marino83@email.com'),
('3574689012', 'Domenico', 'Pellegrini', 'PLLDNC85P28', '1985-09-28', '+39 351 654 9870', 'domenico.pellegrini85@email.com'),
('3579135790', 'Davide', 'Silvestri', 'SLSDVD84A27', '1984-01-27', '+39 347 321 6540', 'davide.silvestri84@email.com'),
('4045678901', 'Pietro', 'De Luca', 'DLCPTR86B15', '1986-02-15', '+39 327 123 4567', 'pietro.deluca86@email.com'),
('4455667788', 'Francesca', 'Ricci', 'RCCFNC87D28', '1987-04-28', '+39 340 456 7890', 'francesca.ricci87@email.com'),
('4567890124', 'Martina', 'Schiavone', 'SCHMRT90B12', '1990-01-12', '+39 335 678 9012', 'martina.schiavone90@email.com'),
('4680246801', 'Elena', 'Valente', 'VLNELN89E29', '1989-05-29', '+39 331 432 1098', 'elena.valente89@email.com'),
('4685790123', 'Isabella', 'Guerra', 'GRRSLB81H12', '1981-06-12', '+39 324 987 6543', 'isabella.guerra81@email.com'),
('5056789012', 'Rebecca', 'Marchetti', 'MCHRBC79L19', '1979-07-19', '+39 348 765 4321', 'rebecca.marchetti79@email.com'),
('5566778899', 'Giovanni', 'Marino', 'MRNGVN93R13', '1993-10-13', '+39 366 123 7890', 'giovanni.marino93@email.com'),
('5647382910', 'Sofia', 'Grassi', 'GRSSFA87R10', '1987-10-10', '+39 350 432 1098', 'sofia.grassi87@email.com'),
('5678901235', 'Elisa', 'Caputo', 'CPTLSA94T04', '1994-06-04', '+39 322 345 6789', 'elisa.caputo94@email.com'),
('5791357912', 'Fabrizio', 'Moretti', 'MRTFRZ81D02', '1981-11-02', '+39 349 123 4567', 'fabrizio.moretti81@email.com'),
('5796801234', 'Giorgio', 'Luciani', 'LCNGGR90M03', '1990-08-03', '+39 348 654 3210', 'giorgio.luciani90@email.com'),
('6067890123', 'Samuele', 'Ferri', 'FRRSML94S07', '1994-11-07', '+39 350 234 5678', 'samuele.ferri94@email.com'),
('6677889900', 'Helena', 'Greco', 'GRCHLN82H06', '1982-06-06', '+39 328 456 1234', 'helena.greco82@email.com'),
('6789012346', 'Giovanni', 'Giovanni', 'GNNGVN89S23', '1989-09-23', '+39 344 765 4321', 'giovanni.giovanni89@email.com'),
('6802468023', 'Giulia', 'Martini', 'MRTGLA93D18', '1993-04-18', '+39 345 987 6543', 'giulia.martini93@email.com'),
('6807912345', 'Luca', 'Rocca', 'RCCLCA84A14', '1984-01-14', '+39 348 654 3210', 'luca.rocca84@email.com'),
('7078901234', 'Tiziana', 'Fontana', 'FNTTZN81D11', '1981-04-11', '+39 324 876 5432', 'tiziana.fontana81@email.com'),
('7890123457', 'Alessia', 'Sgambato', 'SGMSAL89P11', '1989-02-11', '+39 330 567 8901', 'alessia.sgambato89@email.com'),
('7890123458', 'Giulia', 'Piperno', 'PPRGLA87M06', '1987-08-06', '+39 339 234 5678', 'giulia.piperno87@email.com'),
('7913579134', 'Leonardo', 'Baldini', 'BLDLRD86P21', '1986-09-21', '+39 327 876 5432', 'leonardo.baldini86@email.com'),
('7918023456', 'Marta', 'Monti', 'MNTMRT91R27', '1991-10-27', '+39 339 543 2109', 'marta.monti91@email.com'),
('8024680245', 'Maria', 'Ruggeri', 'RGRMRA91B09', '1991-02-09', '+39 339 123 7890', 'maria.ruggeri91@email.com'),
('8089012345', 'Umberto', 'Sanna', 'SNNMBR83P25', '1983-09-25', '+39 332 345 6789', 'umberto.sanna83@email.com'),
('8901234568', 'Michele', 'Romano', 'RMNMCL85D08', '1985-03-08', '+39 345 123 7890', 'michele.romano85@email.com'),
('9029134567', 'Salvatore', 'Sorrentino', 'SRNSVT89D22', '1989-05-22', '+39 350 654 1234', 'salvatore.sorrentino89@email.com'),
('9090123456', 'Valentina', 'Rizzo', 'RZZVLN92R16', '1992-10-16', '+39 334 987 6543', 'valentina.rizzo92@email.com'),
('9135791356', 'Nicola', 'Cattaneo', 'CTTNCL83M26', '1983-08-26', '+39 335 987 3210', 'nicola.cattaneo83@email.com'),
('9870123456', 'Tommaso', 'Sartori', 'SRTTMS80L01', '1980-07-01', '+39 320 987 1234', 'tommaso.sartori80@email.com'),
('9876543210', 'Alberto', 'Leone', 'LNOLBT90M14', '1990-12-14', '+39 327 654 3210', 'alberto.leone90@email.com');

INSERT INTO Personale (ID_DIPENDENTE, Nome, Cognome, Data_nascita, Codice_fiscale, Ruolo, Password) VALUES
('DIP0000001', 'Luca', 'Rossi', '1985-03-15', 'RSSLCU85C15H501Z', 'Pilota', '$2y$10$KyGPIv1nYARv6814cohfc.aYJrwQoxSJVTlOA3Eegdvdzg6da3JN.'),
('DIP0000002', 'Sara', 'Bianchi', '1990-07-21', 'BNCSDR90L61F205Z', 'Steward', '$2y$10$fCDpkMKKqKHxSsez4lKANu/6a.pjRnR2CmUMK8c8fRRv569IPEbze'),
('DIP0000003', 'Marco', 'Verdi', '1982-12-02', 'VRDMRC82T02H501G', 'Pilota', '$2y$10$sU6zZNzmvU8KcL9CoSTyX.Vl1Fw5.3e7NcJg5jzNntBJZ2iaZaA8S'),
('DIP0000004', 'Francesca', 'Neri', '1988-01-30', 'NRIFNC88A70F205W', 'Steward', '$2y$10$3hlYfda8UVSxU1FnA2Yayey9cHv/7rDhlZ2RC3dGpiJbjnjCRdhCK'),
('DIP0000005', 'Andrea', 'Gallo', '1975-11-11', 'GLLAND75S11F205H', 'Amministrativo', '$2y$10$dQzOBD9T8lLLCvUNCX3WPujuPIuai8DZ/FI3KzhR4nGNhld7DBOQ2'),
('DIP0000006', 'Elena', 'Mariani', '1995-05-22', 'MRNELN95E62D325X', 'Steward', '$2y$10$lyMPw3n0a69Xbq53O2upbeCbFlZ8JGTHwiZ7OGTlSs8aID5xcifuq'),
('DIP0000007', 'Matteo', 'Conti', '1980-09-14', 'CNTMTT80P14H501A', 'Pilota', '$2y$10$PhO7gFJ0FUeJNZSdtosore7z.4aGczYzR7hqoIGqfFSORoRBcUEki'),
('DIP0000008', 'Giulia', 'Fabbri', '1992-08-03', 'FBBGLI92M43H501B', 'Steward', '$2y$10$9ADZb6Cuxcjq3jZ1PGlSf.ySSVT.tGCoJmZQt5eJtXDgD.NvQXRby'),
('DIP0000009', 'Giorgio', 'Ferrari', '1978-04-29', 'FRRGHR78D29H501Y', 'Pilota', '$2y$10$7WvRCz3rXtzyg0oNl9DhwedQbopTxKJmuuHpQB7IuhFGmtTCrVV6i'),
('DIP0000010', 'Sofia', 'Giorgi', '1996-06-18', 'GRGFSY96H58D325D', 'Steward', '$2y$10$N2jXkl2c0K/gFMnZ/CjSCe0948gmjFh1tuAAM/MvSjvNUiwkClXeS'),
('DIP0000011', 'Davide', 'Ricci', '1983-02-11', 'RCCDVD83B11H501N', 'Amministrativo', '$2y$10$rEQGh93VhOO7rvRjzjMrlee2GRvsKTQLIzF4SRb1k15v4caNb4nve'),
('DIP0000012', 'Martina', 'Ruggeri', '1989-10-25', 'RGRMTN89R65H501T', 'Steward', '$2y$10$0BXlx6kJpfbBSb4Hgf8JA.pocRlZwtT65cbSwbtYudLMA1ZJ2RrKO'),
('DIP0000013', 'Nicola', 'De Luca', '1976-03-17', 'DLCNCL76C17H501Z', 'Pilota', '$2y$10$z0Xv0iHiqeqfO/zWdUqQLO8B896TdbuMTC.oMBUJ7X.Qi1Qm2qN.W'),
('DIP0000014', 'Alessia', 'Marchetti', '1991-11-05', 'MRCLLA91L45D205R', 'Steward', '$2y$10$dMqOTDtjKNxBA4by4iVIveQzn/xiWay3oWOsu2gVGj04YV3ufnfDO'),
('DIP0000015', 'Simone', 'Pellegrini', '1987-04-01', 'PLLSMN87D01H501C', 'Amministrativo', '$2y$10$IGIk7z95ZnM4uVMc83tf9uNLbjq5TL8rxKscwrx6YZ1aahkuSzV2e'),
('DIP0000016', 'Chiara', 'Giordano', '1994-05-16', 'GRDCHR94E56F205B', 'Steward', '$2y$10$DglerXNFa3nQr/WKOmkK8em9LjhCnlJdyJlfOt1KWGuXe3ZteOXde'),
('DIP0000017', 'Antonio', 'Fontana', '1981-08-30', 'FNTNTN81M30H501G', 'Pilota', '$2y$10$3kndy9jNsirkI964Np70/OaY4ojCCe.cOXVb60pLC.E/.QK1YHCDO'),
('DIP0000018', 'Francesco', 'Sarti', '1985-09-11', 'SRTFNC85P11H501M', 'Steward', '$2y$10$g9oODWxGjPLDYf18ixb1l.i/9Sz2Mn6GgEPtVwVUSbROdVtddmhUm'),
('DIP0000019', 'Giovanni', 'Riva', '1979-12-24', 'RVGGVN79T24H501P', 'Pilota', '$2y$10$WDannH3hNME/gvJPvqMm7.nTouHV767CqTM5UxtxvIYb30tWeT5iK'),
('DIP0000020', 'Roberta', 'Cattaneo', '1993-01-09', 'CTTNRT93A49D205L', 'Steward', '$2y$10$jl/zf6E1RUVD1P8MGw2WpuLr0JhbnqkRHQyuAP8Ow.RTg61wjVwt6'),
('DIP0000021', 'Lorenzo', 'Corsi', '1984-10-15', 'CRSLRN84T15H501Z', 'Amministrativo', '$2y$10$imKflyI5ySA3R0nm8xBHoOdb0Tpm3I01BD3y9QfeRGkeT1vt1mr.a'),
('DIP0000022', 'Martina', 'Gatti', '1990-03-05', 'GTTMRT90C45F205X', 'Steward', '$2y$10$xqEmPzgJCjatxr4GAnp15uoZHRApOrvIee.OzbwuDDmxK73Vu5uGW'),
('DIP0000023', 'Riccardo', 'Bellini', '1982-12-12', 'BLLRCC82T12H501A', 'Pilota', '$2y$10$icC54eS7vhb3BASr.SB7eOIAjx84JRaDdfdWJYyYY1KqCJ5CL7TXC'),
('DIP0000024', 'Greta', 'Toni', '1995-06-30', 'TNGRTG95H70D325D', 'Steward', '$2y$10$bBk.Oh7EfVR9/8QaSzRKOOgI3nCuWuHkLGbc1xgf2t3L2MVBadQ9G'),
('DIP0000025', 'Leonardo', 'Serafini', '1977-02-19', 'SRFLNR77B19H501H', 'Pilota', '$2y$10$J9z1Moue/OFhiJnHBHENz.IUjQmFiklJCg1KYqQfyq089GgZpGcq.'),
('DIP0000026', 'Sabrina', 'Ferri', '1988-09-14', 'FRRSBN88P54H501R', 'Steward', '$2y$10$Zz4Y76HKQqNzam/7q4LHpuY1bAidTJzNyOI7klfGo3I.9c4eNJaBG'),
('DIP0000027', 'Alberto', 'Marini', '1983-11-20', 'MRNBLT83S20H501C', 'Amministrativo', '$2y$10$6tR2OxMdH6XX.jDufd6/pOX7Qd.SYiP1JZX2t/n0zIgONNX3jFv0a'),
('DIP0000028', 'Camilla', 'Longo', '1991-04-26', 'LNGCML91D61F205K', 'Steward', '$2y$10$Y0yjzVJHDBgxs7yh/T/UEO6LuFstFEGPMDpu/Vfex9Uuw8DwOJkjm'),
('DIP0000029', 'Gabriele', 'Civita', '1986-08-11', 'CVTGBR86M21H501Z', 'Pilota', '$2y$10$MW9Z02HknIz6xpc5a3BvSeW/IRG8QWA.2vjPbdUkoPYOlo9KJ/BoG'),
('DIP0000030', 'Elisabetta', 'Salvadori', '1992-10-03', 'SLVLSB92H43D205W', 'Steward', '$2y$10$OUVxGmEqwxkdVCSd/c7Pruh//JuDUePyq806VJZfSKAbMzEoepFv.'),
('DIP0000031', 'Valerio', 'Conti', '1980-05-24', 'CNTVLR80E24H501T', 'Amministrativo', '$2y$10$1CMuG7B0SqF9qV4UiFE.6eUrC.Khi2VYHAqC6xYurq7KrbdiXfHpO'),
('DIP0000032', 'Anna', 'De Angelis', '1989-07-11', 'DNGNNN89L51H501B', 'Steward', '$2y$10$oMgWiLmXrWctMdV2MIiKWOqgZFlXxF/h4rGzqQLmZ9dSuhtUEqyiG'),
('DIP0000033', 'Cristiano', 'Paoli', '1981-12-29', 'PLCRST81T29H501X', 'Pilota', '$2y$10$ietWzhIb64ihRyHgpbTMherSiqTx58aeWh7HFsFNKnoe9mtx50uze'),
('DIP0000034', 'Fabrizia', 'Marchetti', '1993-01-23', 'MRCFBR93A63D205Q', 'Steward', '$2y$10$daXgX8UyfuGf27i25l3RE.qka6Oh.eXkQkJLnoNgYh/62c3yajfde'),
('DIP0000035', 'Nicolò', 'Bertolini', '1987-04-18', 'BRTNCL87D18H501S', 'Amministrativo', '$2y$10$IzurDO7/YrdzEtoGnqTDDeg7Pj0vD/aP2VrNHDx7hNc0qbRCdTZHG'),
('DIP0000036', 'Adele', 'Marchi', '1995-08-07', 'MRCADL95H47D205N', 'Steward', '$2y$10$920AfTxKY5N5t2SULwGm6ueIMnmxt1L9VeBiDo3n4un6t0zVeAwdC'),
('DIP0000037', 'Elia', 'Orlandi', '1984-10-10', 'RNDLIA84M50H501Y', 'Pilota', '$2y$10$rg9bOOWxiCfRdqZbgjKH.OFShHrSvNol0i0zyn.3ccrKOvuRDEITS'),
('DIP0000038', 'Viola', 'Pistone', '1990-09-03', 'PSTVLA90P56D205H', 'Steward', '$2y$10$J.5BifQaCIjyrLrwQq5BBenV8nxkmGa71vCqdct2H.g4U742pL/ky'),
('DIP0000039', 'Ferdinando', 'Bianchi', '1982-12-14', 'BNCFRD82T14H501R', 'Amministrativo', '$2y$10$FRlhVsdJZUlCjZIIYOb7UehJrcXyHc3/tFWEKpc2kOFcDptMwlzbS'),
('DIP0000040', 'Alba', 'Zanetti', '1993-06-19', 'ZNTBLB93H67D205J', 'Steward', '$2y$10$S9eWtJyPr5ahZutQcnhswOWemrv38eeGsz.OlFwXbCSs.OoVRc8wu'),
('DIP0000041', 'Pietro', 'Rinaldi', '1985-11-08', 'RNDPTR85S18H501M', 'Pilota', '$2y$10$A0vnMgs7Y7ufW49vcxxgne.1RqsCEym4hBYszvLwX8a8pkI7T0bHS'),
('DIP0000042', 'Roberta', 'Giovanni', '1990-02-22', 'GVNRTB90D80D205Y', 'Steward', '$2y$10$HkJvrbWArLpuuJm27IuWQ.wUgsh/kWG0gOqc3tT4buFI39mb3iCGK'),
('DIP0000043', 'Stefano', 'Carli', '1984-09-25', 'CRLSTF84P75H501F', 'Amministrativo', '$2y$10$crg3P0Gd2ErYV.UU84R/5OMB5SNdig/XXJOyXSEoV6fW752Hg7bd6'),
('DIP0000044', 'Veronica', 'Battaglia', '1988-07-04', 'BTTVRN88M30D205B', 'Steward', '$2y$10$btA0B1fnQLKBcfe1adPMPOg4Jqjn9t2LKPgNfvkgFbDrH35L3niYO'),
('DIP0000045', 'Alberto', 'Pavone', '1981-05-10', 'PVNALB81E10H501G', 'Pilota', '$2y$10$/SfCPa4IJ.lN.H78UpWvfuA.DwU39gTg0CmfcMT.XYiMftEKbCoiu'),
('DIP0000046', 'Michela', 'Spada', '1992-11-27', 'SPDMCH92T64D205W', 'Steward', '$2y$10$.8K5ztpQT1rssJAA/4hmLOSpnVPauUtNaJZtc2UkzIPlfeWtePcFm'),
('DIP0000047', 'Dario', 'Riccardi', '1985-10-16', 'RCCDRI85M25H501X', 'Amministrativo', '$2y$10$oSIAgGGH9oAIdeb1Zescs.zwd28LjY0NnTbhmgWZDJAZDxtLOHAVm'),
('DIP0000048', 'Franco', 'Capri', '1980-08-11', 'CPLFNC80L41H501A', 'Pilota', '$2y$10$0eaNph7FC2iXccIHm2fiU.Q10mNvavnzwdYZRH6vVAf.3N5TDaAmu'),
('DIP0000049', 'Carla', 'Martini', '1993-12-31', 'MRTCRL93A85D205Z', 'Steward', '$2y$10$3ke28WgRFxB2YXCTbgmowOHzHp7NGXmt4OCUmZsKFrSHXbM.1KTpS'),
('DIP0000050', 'Giacomo', 'Sandro', '1987-03-21', 'SNDGCM87D21H501K', 'Amministrativo', '$2y$10$9qfmm95ubX3cSpgtROfB.OYMaLTQeaMoTCIyfpMIcdhLleawNkw5q'),
('DIP0000051', 'Alessandro', 'Valenti', '1983-01-15', 'VLTLSN83A15H501C', 'Pilota', '$2y$10$G27lvMd/zPjSukZAvThpkeyngrYiElKr8hIMJKbLtIFpGz41jalQG'),
('DIP0000052', 'Roberta', 'Masci', '1990-06-04', 'MSCMBR90H99D205B', 'Steward', '$2y$10$GQeLLwVVuIlhnRq3f4PxfuOx6bHl7y/JonyaJHfam0eU6cyJnjS9i'),
('DIP0000053', 'Silvia', 'Puglisi', '1984-05-09', 'PGLSVL84E49H501S', 'Amministrativo', '$2y$10$ao0Ajg9y/fkwzutarQPaDOmIz4wucNzL0oxFM/JQBzp4XrCPKAARu'),
('DIP0000054', 'Salvatore', 'Palumbo', '1982-09-18', 'PLMSLT82P18H501L', 'Pilota', '$2y$10$Ltzo3u/K2opb6UPY0TAXb.c2DjBmFNGMqxo.gLcuXdFLIHo7sadv.'),
('DIP0000055', 'Martina', 'Moretti', '1991-01-01', 'MRTMRT91A81D205D', 'Steward', '$2y$10$vSDk3X5pE1j8Hfp5o5r78OWoBPVD4/TjrreSdp3wBXEmvtuOmnkhy'),
('DIP0000056', 'Valentina', 'Rocca', '1990-07-30', 'RCCVLT90M70D205T', 'Amministrativo', '$2y$10$zaJ09JOqLp02T8adAGG1wuYXFzUwRoeBmATKfxPCw1DqhYjheoZCu'),
('DIP0000057', 'Ernesto', 'Zanetti', '1985-12-11', 'ZNTNRM85T61H501A', 'Pilota', '$2y$10$m52DYTHL3xHppuC1ddHineQ/of0piT5Yzx1XAlq95W4MdIkKm3.Tm'),
('DIP0000058', 'Monica', 'Caterini', '1992-04-17', 'CTRNCN92D11D205F', 'Steward', '$2y$10$vCFnZqySOB2CDtA/FpBNjeA1rwbxs8wP665F5.LfUBvQh.oYJF/K2'),
('DIP0000059', 'Giorgio', 'Nicolini', '1981-08-25', 'NCLGRG81M16H501Y', 'Amministrativo', '$2y$10$b394oqShXjwb0F7W7CSjNuVn95E1renPK9HG/JZr8RiKXpkvv8R2q'),
('DIP0000060', 'Martina', 'Palmieri', '1990-09-15', 'PLMRTM90P35D205B', 'Steward', '$2y$10$BGGxUFiCj6MkLlXfbhTHNeXL6plZJtT2xveyJnean6R8jUuRMgQl6');

INSERT INTO `Voli` (`ID_VOLO`, `Data_partenza`, `Data_arrivo`, `Orario_partenza`, `Orario_arrivo`, `Durata`, `Aeroporto_partenza`, `Aeroporto_arrivo`, `Aereo`) VALUES
('FL00000001', '2024-10-01', '2024-10-01', '08:00:00', '09:00:00', '01:00:00', 'AIR001', 'AIR002', 'AER001'),
('FL00000002', '2024-10-02', '2024-10-02', '09:00:00', '10:30:00', '01:30:00', 'AIR002', 'AIR003', 'AER002'),
('FL00000003', '2024-10-03', '2024-10-03', '10:00:00', '11:30:00', '01:30:00', 'AIR003', 'AIR004', 'AER003'),
('FL00000004', '2024-10-04', '2024-10-04', '11:00:00', '12:00:30', '01:30:00', 'AIR004', 'AIR005', 'AER004'),
('FL00000005', '2024-10-05', '2024-10-05', '12:00:00', '14:00:00', '07:00:00', 'AIR005', 'AIR006', 'AER005'),
('FL00000006', '2024-10-06', '2024-10-07', '13:00:00', '02:30:00', '07:30:00', 'AIR006', 'AIR007', 'AER006'),
('FL00000007', '2024-10-07', '2024-10-08', '14:00:00', '06:30:00', '15:30:00', 'AIR007', 'AIR008', 'AER007'),
('FL00000008', '2024-10-08', '2024-10-09', '15:00:00', '01:00:00', '10:00:00', 'AIR008', 'AIR009', 'AER008'),
('FL00000009', '2024-10-09', '2024-10-08', '16:00:00', '22:30:00', '21:30:00', 'AIR009', 'AIR010', 'AER009'),
('FL00000010', '2024-10-10', '2024-10-11', '17:00:00', '06:30:00', '07:30:00', 'AIR010', 'AIR011', 'AER010'),
('FL00000011', '2024-10-11', '2024-10-11', '18:00:00', '19:00:00', '01:00:00', 'AIR011', 'AIR012', 'AER011'),
('FL00000012', '2024-10-12', '2024-10-13', '19:00:00', '13:00:00', '12:00:00', 'AIR012', 'AIR013', 'AER012'),
('FL00000013', '2024-10-13', '2024-10-14', '20:00:00', '00:30:00', '08:30:00', 'AIR013', 'AIR014', 'AER013'),
('FL00000014', '2024-10-14', '2024-10-15', '21:00:00', '05:00:00', '15:00:00', 'AIR014', 'AIR015', 'AER014'),
('FL00000015', '2024-10-15', '2024-10-16', '22:00:00', '14:00:00', '11:30:00', 'AIR015', 'AIR001', 'AER015'),
('FL00000016', '2024-10-16', '2024-10-16', '08:30:00', '10:00:00', '01:30:00', 'AIR002', 'AIR003', 'AER001'),
('FL00000017', '2024-10-17', '2024-10-17', '09:30:00', '11:00:00', '01:30:00', 'AIR003', 'AIR004', 'AER002'),
('FL00000018', '2024-10-18', '2024-10-18', '10:30:00', '12:00:00', '01:30:00', 'AIR004', 'AIR005', 'AER003'),
('FL00000019', '2024-10-19', '2024-10-19', '11:30:00', '13:30:00', '07:00:00', 'AIR005', 'AIR006', 'AER004'),
('FL00000020', '2024-10-20', '2024-10-21', '12:30:00', '02:00:00', '07:30:00', 'AIR006', 'AIR007', 'AER005'),
('FL00000021', '2024-10-21', '2024-10-22', '13:30:00', '06:00:00', '15:30:00', 'AIR007', 'AIR008', 'AER006'),
('FL00000022', '2024-10-22', '2024-10-23', '14:30:00', '00:30:00', '10:00:00', 'AIR008', 'AIR009', 'AER007'),
('FL00000023', '2024-10-23', '2024-10-22', '15:30:00', '22:00:00', '21:30:00', 'AIR009', 'AIR010', 'AER008'),
('FL00000024', '2024-10-24', '2024-10-25', '16:30:00', '06:00:00', '07:30:00', 'AIR010', 'AIR011', 'AER009'),
('FL00000025', '2024-10-25', '2024-10-25', '17:30:00', '18:30:00', '01:00:00', 'AIR011', 'AIR012', 'AER010'),
('FL00000026', '2024-10-26', '2024-10-27', '18:30:00', '12:30:00', '12:00:00', 'AIR012', 'AIR013', 'AER011'),
('FL00000027', '2024-10-27', '2024-10-28', '19:30:00', '00:00:00', '08:30:00', 'AIR013', 'AIR014', 'AER012'),
('FL00000028', '2024-10-28', '2024-10-29', '20:30:00', '04:30:00', '15:00:00', 'AIR014', 'AIR015', 'AER013'),
('FL00000029', '2024-10-29', '2024-10-30', '21:30:00', '13:30:00', '11:30:00', 'AIR015', 'AIR001', 'AER014'),
('FL00000030', '2024-10-30', '2024-10-30', '08:00:00', '09:00:00', '01:30:00', 'AIR002', 'AIR003', 'AER015'),
('FL00000031', '2024-10-31', '2024-10-31', '09:00:00', '10:30:00', '01:30:00', 'AIR003', 'AIR004', 'AER001'),
('FL00000032', '2024-11-01', '2024-11-01', '10:00:00', '11:30:00', '01:30:00', 'AIR004', 'AIR005', 'AER002'),
('FL00000033', '2024-11-02', '2024-11-02', '11:00:00', '13:00:00', '07:00:00', 'AIR005', 'AIR006', 'AER003'),
('FL00000034', '2024-11-03', '2024-11-04', '12:00:00', '00:30:00', '07:30:00', 'AIR006', 'AIR007', 'AER004'),
('FL00000035', '2024-11-04', '2024-11-05', '13:00:00', '04:30:00', '15:30:00', 'AIR007', 'AIR008', 'AER005'),
('FL00000036', '2024-11-05', '2024-11-06', '14:00:00', '02:00:00', '10:00:00', 'AIR008', 'AIR009', 'AER006'),
('FL00000037', '2024-11-06', '2024-11-05', '15:00:00', '21:30:00', '21:30:00', 'AIR009', 'AIR010', 'AER007'),
('FL00000038', '2024-11-07', '2024-11-08', '16:00:00', '05:30:00', '07:30:00', 'AIR010', 'AIR011', 'AER008'),
('FL00000039', '2024-11-08', '2024-11-08', '17:00:00', '18:00:00', '01:00:00', 'AIR011', 'AIR012', 'AER009'),
('FL00000040', '2024-11-09', '2024-11-10', '18:00:00', '12:00:00', '12:00:00', 'AIR012', 'AIR013', 'AER010'),
('FL00000041', '2024-11-10', '2024-11-10', '19:00:00', '23:30:00', '08:30:00', 'AIR013', 'AIR014', 'AER011'),
('FL00000042', '2024-11-11', '2024-11-12', '20:00:00', '04:00:00', '15:00:00', 'AIR014', 'AIR015', 'AER012'),
('FL00000043', '2024-11-12', '2024-11-13', '21:00:00', '13:30:00', '11:30:00', 'AIR015', 'AIR001', 'AER013'),
('FL00000044', '2024-11-13', '2024-11-13', '22:00:00', '23:00:00', '01:00:00', 'AIR001', 'AIR002', 'AER014'),
('FL00000045', '2024-11-14', '2024-11-14', '08:30:00', '10:00:00', '01:30:00', 'AIR002', 'AIR003', 'AER015'),
('FL00000046', '2024-11-15', '2024-11-15', '09:30:00', '11:00:00', '01:30:00', 'AIR003', 'AIR004', 'AER001'),
('FL00000047', '2024-11-16', '2024-11-16', '10:30:00', '12:00:00', '01:30:00', 'AIR004', 'AIR005', 'AER002'),
('FL00000048', '2024-11-17', '2024-11-17', '11:30:00', '13:30:00', '07:00:00', 'AIR005', 'AIR006', 'AER003'),
('FL00000049', '2024-11-18', '2024-11-18', '12:30:00', '02:00:00', '07:30:00', 'AIR006', 'AIR007', 'AER004'),
('FL00000050', '2024-11-19', '2024-11-19', '13:30:00', '06:00:00', '15:30:00', 'AIR007', 'AIR008', 'AER005'),
('FL00000051', '2025-11-02', '2025-11-02', '09:00:00', '10:30:00', '01:30:00', 'AIR002', 'AIR003', 'AER002'),
('FL00000052', '2025-11-03', '2025-11-03', '10:00:00', '11:30:00', '01:30:00', 'AIR003', 'AIR004', 'AER003'),
('FL00000053', '2025-11-04', '2025-11-04', '11:00:00', '12:00:30', '01:30:00', 'AIR004', 'AIR005', 'AER004'),
('FL00000054', '2025-11-05', '2025-11-05', '12:00:00', '14:00:00', '07:00:00', 'AIR005', 'AIR006', 'AER005'),
('FL00000055', '2025-11-06', '2025-11-06', '13:00:00', '02:30:00', '07:30:00', 'AIR006', 'AIR007', 'AER006'),
('FL00000056', '2025-11-07', '2025-11-07', '14:00:00', '06:30:00', '15:30:00', 'AIR007', 'AIR008', 'AER007'),
('FL00000057', '2025-11-08', '2025-11-08', '15:00:00', '01:00:00', '10:00:00', 'AIR008', 'AIR009', 'AER008'),
('FL00000058', '2025-11-09', '2025-11-09', '16:00:00', '22:30:00', '21:30:00', 'AIR009', 'AIR010', 'AER009'),
('FL00000059', '2025-11-10', '2025-11-10', '17:00:00', '06:30:00', '07:30:00', 'AIR010', 'AIR011', 'AER010'),
('FL00000060', '2025-11-11', '2025-11-11', '18:00:00', '19:00:00', '01:00:00', 'AIR011', 'AIR012', 'AER011'),
('FL00000061', '2025-11-12', '2025-11-12', '19:00:00', '13:00:00', '12:00:00', 'AIR012', 'AIR013', 'AER012'),
('FL00000062', '2025-11-13', '2025-11-13', '20:00:00', '00:30:00', '08:30:00', 'AIR013', 'AIR014', 'AER013'),
('FL00000063', '2025-11-14', '2025-11-14', '21:00:00', '05:00:00', '15:00:00', 'AIR014', 'AIR015', 'AER014'),
('FL00000064', '2025-11-15', '2025-11-15', '22:00:00', '14:00:00', '11:30:00', 'AIR015', 'AIR001', 'AER015'),
('FL00000065', '2025-11-16', '2025-11-16', '08:30:00', '10:00:00', '01:30:00', 'AIR002', 'AIR003', 'AER001'),
('FL00000066', '2025-11-17', '2025-11-17', '09:30:00', '11:00:00', '01:30:00', 'AIR003', 'AIR004', 'AER002'),
('FL00000067', '2025-11-18', '2025-11-18', '10:30:00', '12:00:00', '01:30:00', 'AIR004', 'AIR005', 'AER003'),
('FL00000068', '2025-11-19', '2025-11-19', '11:30:00', '13:30:00', '07:00:00', 'AIR005', 'AIR006', 'AER004'),
('FL00000069', '2025-11-20', '2025-11-20', '12:30:00', '02:00:00', '07:30:00', 'AIR006', 'AIR007', 'AER005'),
('FL00000070', '2025-11-21', '2025-11-21', '13:30:00', '06:00:00', '15:30:00', 'AIR007', 'AIR008', 'AER006'),
('FL00000071', '2025-11-22', '2025-11-22', '14:30:00', '00:30:00', '10:00:00', 'AIR008', 'AIR009', 'AER007'),
('FL00000072', '2025-11-23', '2025-11-23', '15:30:00', '22:00:00', '21:30:00', 'AIR009', 'AIR010', 'AER008'),
('FL00000073', '2025-11-24', '2025-11-24', '16:30:00', '06:00:00', '07:30:00', 'AIR010', 'AIR011', 'AER009'),
('FL00000074', '2025-11-25', '2025-11-25', '17:30:00', '18:30:00', '01:00:00', 'AIR011', 'AIR012', 'AER010'),
('FL00000075', '2025-11-26', '2025-11-26', '18:30:00', '12:30:00', '12:00:00', 'AIR012', 'AIR013', 'AER011'),
('FL00000076', '2025-11-27', '2025-11-27', '19:30:00', '00:00:00', '08:30:00', 'AIR013', 'AIR014', 'AER012'),
('FL00000077', '2025-11-28', '2025-11-28', '20:30:00', '04:30:00', '15:00:00', 'AIR014', 'AIR015', 'AER013'),
('FL00000078', '2025-11-29', '2025-11-29', '21:30:00', '13:30:00', '11:30:00', 'AIR015', 'AIR001', 'AER014'),
('FL00000079', '2025-11-30', '2025-11-30', '08:00:00', '09:00:00', '01:00:00', 'AIR001', 'AIR002', 'AER001'),
('FL00000080', '2025-12-01', '2025-12-01', '09:00:00', '10:30:00', '01:30:00', 'AIR002', 'AIR003', 'AER002'),
('FL00000081', '2025-12-02', '2025-12-02', '10:00:00', '11:30:00', '01:30:00', 'AIR003', 'AIR004', 'AER003'),
('FL00000082', '2025-12-03', '2025-12-03', '11:00:00', '12:00:30', '01:30:00', 'AIR004', 'AIR005', 'AER004'),
('FL00000083', '2025-12-04', '2025-12-04', '12:00:00', '14:00:00', '07:00:00', 'AIR005', 'AIR006', 'AER005'),
('FL00000084', '2025-12-05', '2025-12-05', '13:00:00', '02:30:00', '07:30:00', 'AIR006', 'AIR007', 'AER006'),
('FL00000085', '2025-12-06', '2025-12-06', '14:00:00', '06:30:00', '15:30:00', 'AIR007', 'AIR008', 'AER007'),
('FL00000086', '2025-12-07', '2025-12-07', '15:00:00', '01:00:00', '10:00:00', 'AIR008', 'AIR009', 'AER008'),
('FL00000087', '2025-12-08', '2025-12-08', '16:00:00', '22:30:00', '21:30:00', 'AIR009', 'AIR010', 'AER009'),
('FL00000088', '2025-12-09', '2025-12-09', '17:00:00', '06:30:00', '07:30:00', 'AIR010', 'AIR011', 'AER010'),
('FL00000089', '2025-12-10', '2025-12-10', '18:00:00', '19:00:00', '01:00:00', 'AIR011', 'AIR012', 'AER011'),
('FL00000090', '2025-12-11', '2025-12-11', '19:00:00', '13:00:00', '12:00:00', 'AIR012', 'AIR013', 'AER012'),
('FL00000091', '2025-12-12', '2025-12-12', '20:00:00', '00:30:00', '08:30:00', 'AIR013', 'AIR014', 'AER013'),
('FL00000092', '2025-12-13', '2025-12-13', '21:00:00', '05:00:00', '15:00:00', 'AIR014', 'AIR015', 'AER014'),
('FL00000093', '2025-12-14', '2025-12-14', '22:00:00', '14:00:00', '11:30:00', 'AIR015', 'AIR001', 'AER015'),
('FL00000094', '2025-12-15', '2025-12-15', '08:30:00', '10:00:00', '01:30:00', 'AIR002', 'AIR003', 'AER001'),
('FL00000095', '2025-12-16', '2025-12-16', '09:30:00', '11:00:00', '01:30:00', 'AIR003', 'AIR004', 'AER002'),
('FL00000096', '2025-12-17', '2025-12-17', '10:30:00', '12:00:00', '01:30:00', 'AIR004', 'AIR005', 'AER003'),
('FL00000097', '2025-12-18', '2025-12-18', '11:30:00', '13:30:00', '07:00:00', 'AIR005', 'AIR006', 'AER004'),
('FL00000098', '2025-12-19', '2025-12-19', '12:30:00', '02:00:00', '07:30:00', 'AIR006', 'AIR007', 'AER005'),
('FL00000099', '2025-12-20', '2025-12-20', '13:30:00', '06:00:00', '15:30:00', 'AIR007', 'AIR008', 'AER006'),
('FL00000100', '2025-12-21', '2025-12-21', '14:30:00', '00:30:00', '10:00:00', 'AIR008', 'AIR009', 'AER007'),
('FL00000101', '2025-12-22', '2025-12-22', '15:30:00', '22:00:00', '21:30:00', 'AIR009', 'AIR010', 'AER008'),
('FL00000102', '2025-12-23', '2025-12-23', '16:30:00', '06:00:00', '07:30:00', 'AIR010', 'AIR011', 'AER009'),
('FL00000103', '2025-12-24', '2025-12-24', '17:30:00', '18:30:00', '01:00:00', 'AIR011', 'AIR012', 'AER010'),
('FL00000104', '2025-12-25', '2025-12-25', '18:30:00', '12:30:00', '12:00:00', 'AIR012', 'AIR013', 'AER011'),
('FL00000105', '2025-12-26', '2025-12-26', '19:30:00', '00:00:00', '08:30:00', 'AIR013', 'AIR014', 'AER012'),
('FL00000106', '2025-12-27', '2025-12-27', '20:30:00', '04:30:00', '15:00:00', 'AIR014', 'AIR015', 'AER013'),
('FL00000107', '2025-12-28', '2025-12-28', '21:30:00', '13:30:00', '11:30:00', 'AIR015', 'AIR001', 'AER014');


INSERT INTO `Prenotazioni` (`ID_PRENOTAZIONE`, `Passeggero`, `Volo`, `Prezzo_biglietto`) VALUES
('BK00000001', '1234567890', 'FL00000001', '189.67'),
('BK00000002', '9876543210', 'FL00000002', '123.81'),
('BK00000003', '1122334455', 'FL00000003', '81.26'),
('BK00000004', '2233445566', 'FL00000004', '115.46'),
('BK00000005', '3344556677', 'FL00000005', '184.75'),
('BK00000006', '4455667788', 'FL00000006', '167.97'),
('BK00000007', '5566778899', 'FL00000007', '190.15'),
('BK00000008', '6677889900', 'FL00000008', '115.33'),
('BK00000009', '1012345678', 'FL00000009', '152.88'),
('BK00000010', '2023456789', 'FL00000010', '184.19'),
('BK00000011', '3034567890', 'FL00000011', '185.04'),
('BK00000012', '4045678901', 'FL00000012', '133.39'),
('BK00000013', '5056789012', 'FL00000013', '161.01'),
('BK00000014', '6067890123', 'FL00000014', '186.12'),
('BK00000015', '7078901234', 'FL00000015', '92.09'),
('BK00000016', '8089012345', 'FL00000016', '131.89'),
('BK00000017', '9090123456', 'FL00000017', '138.64'),
('BK00000018', '1234567809', 'FL00000018', '138.92'),
('BK00000019', '9876543210', 'FL00000019', '63.93'),
('BK00000020', '1357924680', 'FL00000020', '151.01'),
('BK00000021', '2468013579', 'FL00000021', '87.35'),
('BK00000022', '3579135790', 'FL00000022', '67.41'),
('BK00000023', '4680246801', 'FL00000023', '55.80'),
('BK00000024', '5791357912', 'FL00000024', '168.78'),
('BK00000025', '6802468023', 'FL00000025', '144.16'),
('BK00000026', '7913579134', 'FL00000026', '55.71'),
('BK00000027', '8024680245', 'FL00000027', '189.88'),
('BK00000028', '9135791356', 'FL00000028', '70.55'),
('BK00000029', '1029384756', 'FL00000029', '188.98'),
('BK00000030', '5647382910', 'FL00000030', '157.43'),
('BK00000031', '9870123456', 'FL00000031', '155.60'),
('BK00000032', '1352467890', 'FL00000032', '191.80'),
('BK00000033', '2463578901', 'FL00000033', '77.01'),
('BK00000034', '3574689012', 'FL00000034', '92.24'),
('BK00000035', '4685790123', 'FL00000035', '169.51'),
('BK00000036', '5796801234', 'FL00000036', '171.69'),
('BK00000037', '6807912345', 'FL00000037', '165.47'),
('BK00000038', '7918023456', 'FL00000038', '148.34'),
('BK00000039', '9029134567', 'FL00000039', '128.71'),
('BK00000040', '1234567801', 'FL00000040', '105.66'),
('BK00000041', '7890123457', 'FL00000041', '183.74'),
('BK00000042', '3456789013', 'FL00000042', '140.31'),
('BK00000043', '4567890124', 'FL00000043', '168.00'),
('BK00000044', '5678901235', 'FL00000044', '118.15'),
('BK00000045', '6789012346', 'FL00000045', '64.35'),
('BK00000046', '7890123458', 'FL00000046', '88.47'),
('BK00000047', '8901234568', 'FL00000047', '105.40'),
('BK00000048', '1234567890', 'FL00000048', '91.81'),
('BK00000049', '9876543210', 'FL00000049', '177.77'),
('BK00000050', '1122334455', 'FL00000050', '140.41'),
('BK00000051', '2233445566', 'FL00000001', '76.12'),
('BK00000052', '3344556677', 'FL00000002', '110.12'),
('BK00000053', '4455667788', 'FL00000003', '55.06'),
('BK00000054', '5566778899', 'FL00000004', '199.50'),
('BK00000055', '6677889900', 'FL00000005', '109.29'),
('BK00000056', '1012345678', 'FL00000006', '146.48'),
('BK00000057', '2023456789', 'FL00000007', '129.62'),
('BK00000058', '3034567890', 'FL00000008', '65.83'),
('BK00000059', '4045678901', 'FL00000009', '59.22'),
('BK00000060', '5056789012', 'FL00000010', '50.88'),
('BK00000061', '6067890123', 'FL00000011', '74.83'),
('BK00000062', '7078901234', 'FL00000012', '194.67'),
('BK00000063', '8089012345', 'FL00000013', '64.53'),
('BK00000064', '9090123456', 'FL00000014', '130.03'),
('BK00000065', '1234567809', 'FL00000015', '163.81'),
('BK00000066', '9876543210', 'FL00000016', '119.10'),
('BK00000067', '1357924680', 'FL00000017', '113.44'),
('BK00000068', '2468013579', 'FL00000018', '62.26'),
('BK00000069', '3579135790', 'FL00000019', '141.81'),
('BK00000070', '4680246801', 'FL00000020', '91.51'),
('BK00000071', '5791357912', 'FL00000021', '180.42'),
('BK00000072', '6802468023', 'FL00000022', '180.26'),
('BK00000073', '7913579134', 'FL00000023', '69.29'),
('BK00000074', '8024680245', 'FL00000024', '63.52'),
('BK00000075', '9135791356', 'FL00000025', '105.03'),
('BK00000076', '1029384756', 'FL00000026', '172.43'),
('BK00000077', '5647382910', 'FL00000027', '196.92'),
('BK00000078', '9870123456', 'FL00000028', '175.10'),
('BK00000079', '1352467890', 'FL00000029', '165.50'),
('BK00000080', '2463578901', 'FL00000030', '122.79'),
('BK00000081', '3574689012', 'FL00000031', '91.12'),
('BK00000082', '4685790123', 'FL00000032', '162.89'),
('BK00000083', '5796801234', 'FL00000033', '74.77'),
('BK00000084', '6807912345', 'FL00000034', '142.61'),
('BK00000085', '7918023456', 'FL00000035', '191.44'),
('BK00000086', '9029134567', 'FL00000036', '188.61'),
('BK00000087', '1234567801', 'FL00000037', '126.42'),
('BK00000088', '7890123457', 'FL00000038', '116.06'),
('BK00000089', '3456789013', 'FL00000039', '63.60'),
('BK00000090', '4567890124', 'FL00000040', '154.48'),
('BK00000091', '5678901235', 'FL00000041', '102.17'),
('BK00000092', '6789012346', 'FL00000042', '190.33'),
('BK00000093', '7890123458', 'FL00000043', '156.78'),
('BK00000094', '8901234568', 'FL00000044', '182.37'),
('BK00000095', '1234567890', 'FL00000045', '146.34'),
('BK00000096', '9876543210', 'FL00000046', '69.07'),
('BK00000097', '1122334455', 'FL00000047', '164.51'),
('BK00000098', '2233445566', 'FL00000048', '142.98'),
('BK00000099', '3344556677', 'FL00000049', '158.22'),
('BK00000100', '4455667788', 'FL00000050', '156.48'),
('BK00000101', '5566778899', 'FL00000001', '151.05'),
('BK00000102', '6677889900', 'FL00000002', '189.07'),
('BK00000103', '1012345678', 'FL00000003', '62.44'),
('BK00000104', '2023456789', 'FL00000004', '162.44'),
('BK00000105', '3034567890', 'FL00000005', '119.86'),
('BK00000106', '4045678901', 'FL00000006', '57.37'),
('BK00000107', '5056789012', 'FL00000007', '193.88'),
('BK00000108', '6067890123', 'FL00000008', '107.09'),
('BK00000109', '7078901234', 'FL00000009', '60.90'),
('BK00000110', '8089012345', 'FL00000010', '108.62'),
('BK00000111', '9090123456', 'FL00000011', '123.58'),
('BK00000112', '1234567809', 'FL00000012', '132.51'),
('BK00000113', '9876543210', 'FL00000013', '186.53'),
('BK00000114', '1357924680', 'FL00000014', '158.01'),
('BK00000115', '2468013579', 'FL00000015', '184.32'),
('BK00000116', '3579135790', 'FL00000016', '111.14'),
('BK00000117', '4680246801', 'FL00000017', '131.37'),
('BK00000118', '5791357912', 'FL00000018', '55.77'),
('BK00000119', '6802468023', 'FL00000019', '87.02'),
('BK00000120', '7913579134', 'FL00000020', '188.53'),
('BK00000121', '8024680245', 'FL00000021', '151.32'),
('BK00000122', '9135791356', 'FL00000022', '120.82'),
('BK00000123', '1029384756', 'FL00000023', '51.78'),
('BK00000124', '5647382910', 'FL00000024', '58.21'),
('BK00000125', '9870123456', 'FL00000025', '68.43'),
('BK00000126', '1352467890', 'FL00000026', '103.08'),
('BK00000127', '2463578901', 'FL00000027', '50.43'),
('BK00000128', '3574689012', 'FL00000028', '104.06'),
('BK00000129', '4685790123', 'FL00000029', '77.73'),
('BK00000130', '5796801234', 'FL00000030', '148.89'),
('BK00000131', '6807912345', 'FL00000031', '144.11'),
('BK00000132', '7918023456', 'FL00000032', '126.59'),
('BK00000133', '9029134567', 'FL00000033', '149.90'),
('BK00000134', '1234567801', 'FL00000034', '128.95'),
('BK00000135', '7890123457', 'FL00000035', '68.59'),
('BK00000136', '3456789013', 'FL00000036', '198.11'),
('BK00000137', '4567890124', 'FL00000037', '61.85'),
('BK00000138', '5678901235', 'FL00000038', '111.96'),
('BK00000139', '6789012346', 'FL00000039', '87.31'),
('BK00000140', '7890123458', 'FL00000040', '167.67'),
('BK00000141', '8901234568', 'FL00000041', '79.83'),
('BK00000142', '1234567890', 'FL00000042', '140.52'),
('BK00000143', '9876543210', 'FL00000043', '113.41'),
('BK00000144', '1122334455', 'FL00000044', '100.30'),
('BK00000145', '2233445566', 'FL00000045', '128.51'),
('BK00000146', '3344556677', 'FL00000046', '50.42'),
('BK00000147', '4455667788', 'FL00000047', '99.14'),
('BK00000148', '5566778899', 'FL00000048', '63.15'),
('BK00000149', '6677889900', 'FL00000049', '135.00'),
('BK00000150', '1012345678', 'FL00000050', '116.65'),
('BK00000151', '2023456789', 'FL00000001', '137.54'),
('BK00000152', '3034567890', 'FL00000002', '124.93'),
('BK00000153', '4045678901', 'FL00000003', '52.58'),
('BK00000154', '5056789012', 'FL00000004', '176.52'),
('BK00000155', '6067890123', 'FL00000005', '115.93'),
('BK00000156', '7078901234', 'FL00000006', '129.47'),
('BK00000157', '8089012345', 'FL00000007', '126.17'),
('BK00000158', '9090123456', 'FL00000008', '79.66'),
('BK00000159', '1234567809', 'FL00000009', '194.72'),
('BK00000160', '9876543210', 'FL00000010', '53.15'),
('BK00000161', '1357924680', 'FL00000011', '115.47'),
('BK00000162', '2468013579', 'FL00000012', '178.55'),
('BK00000163', '3579135790', 'FL00000013', '198.11'),
('BK00000164', '4680246801', 'FL00000014', '170.15'),
('BK00000165', '5791357912', 'FL00000015', '166.14'),
('BK00000166', '6802468023', 'FL00000016', '87.36'),
('BK00000167', '7913579134', 'FL00000017', '162.94'),
('BK00000168', '8024680245', 'FL00000018', '62.50'),
('BK00000169', '9135791356', 'FL00000019', '182.61'),
('BK00000170', '1029384756', 'FL00000020', '132.28'),
('BK00000171', '5647382910', 'FL00000021', '82.23'),
('BK00000172', '9870123456', 'FL00000022', '94.94'),
('BK00000173', '1352467890', 'FL00000023', '54.54'),
('BK00000174', '2463578901', 'FL00000024', '181.70'),
('BK00000175', '3574689012', 'FL00000025', '143.67'),
('BK00000176', '4685790123', 'FL00000026', '103.82'),
('BK00000177', '5796801234', 'FL00000027', '67.16'),
('BK00000178', '6807912345', 'FL00000028', '81.96'),
('BK00000179', '7918023456', 'FL00000029', '178.09'),
('BK00000180', '9029134567', 'FL00000030', '69.10'),
('BK00000181', '1234567801', 'FL00000031', '193.47'),
('BK00000182', '7890123457', 'FL00000032', '102.97'),
('BK00000183', '3456789013', 'FL00000033', '67.87'),
('BK00000184', '4567890124', 'FL00000034', '93.30'),
('BK00000185', '5678901235', 'FL00000035', '177.42'),
('BK00000186', '6789012346', 'FL00000036', '70.75'),
('BK00000187', '7890123458', 'FL00000037', '102.62'),
('BK00000188', '8901234568', 'FL00000038', '82.67'),
('BK00000189', '1234567890', 'FL00000039', '117.90'),
('BK00000190', '9876543210', 'FL00000040', '74.42'),
('BK00000191', '1122334455', 'FL00000041', '164.29'),
('BK00000192', '2233445566', 'FL00000042', '187.07'),
('BK00000193', '3344556677', 'FL00000043', '123.71'),
('BK00000194', '4455667788', 'FL00000044', '52.88'),
('BK00000195', '5566778899', 'FL00000045', '70.03'),
('BK00000196', '6677889900', 'FL00000046', '182.10'),
('BK00000197', '1012345678', 'FL00000047', '69.50'),
('BK00000198', '2023456789', 'FL00000048', '179.36'),
('BK00000199', '3034567890', 'FL00000049', '104.38'),
('BK00000200', '4045678901', 'FL00000050', '152.67'),
('BK00000201', '5056789012', 'FL00000001', '152.01'),
('BK00000202', '6067890123', 'FL00000002', '183.04'),
('BK00000203', '7078901234', 'FL00000003', '50.69'),
('BK00000204', '8089012345', 'FL00000004', '184.41'),
('BK00000205', '9090123456', 'FL00000005', '111.01'),
('BK00000206', '1234567809', 'FL00000006', '70.85'),
('BK00000207', '9876543210', 'FL00000007', '138.07'),
('BK00000208', '1357924680', 'FL00000008', '139.45'),
('BK00000209', '2468013579', 'FL00000009', '130.05'),
('BK00000210', '3579135790', 'FL00000010', '191.23'),
('BK00000211', '4680246801', 'FL00000011', '181.93'),
('BK00000212', '5791357912', 'FL00000012', '134.73'),
('BK00000213', '6802468023', 'FL00000013', '153.25'),
('BK00000214', '7913579134', 'FL00000014', '162.48'),
('BK00000215', '8024680245', 'FL00000015', '52.20'),
('BK00000216', '9135791356', 'FL00000016', '76.98'),
('BK00000217', '1029384756', 'FL00000017', '141.77'),
('BK00000218', '5647382910', 'FL00000018', '110.75'),
('BK00000219', '9870123456', 'FL00000019', '84.73'),
('BK00000220', '1352467890', 'FL00000020', '68.79'),
('BK00000221', '2463578901', 'FL00000021', '165.42'),
('BK00000222', '3574689012', 'FL00000022', '151.58'),
('BK00000223', '4685790123', 'FL00000023', '128.76'),
('BK00000224', '5796801234', 'FL00000024', '56.09'),
('BK00000225', '6807912345', 'FL00000025', '66.72'),
('BK00000226', '7918023456', 'FL00000026', '176.62'),
('BK00000227', '9029134567', 'FL00000027', '73.82'),
('BK00000228', '1234567801', 'FL00000028', '77.01'),
('BK00000229', '7890123457', 'FL00000029', '54.02'),
('BK00000230', '3456789013', 'FL00000030', '162.34'),
('BK00000231', '4567890124', 'FL00000031', '165.31'),
('BK00000232', '5678901235', 'FL00000032', '181.49'),
('BK00000233', '6789012346', 'FL00000033', '72.14'),
('BK00000234', '7890123458', 'FL00000034', '134.13'),
('BK00000235', '8901234568', 'FL00000035', '187.71'),
('BK00000236', '1234567890', 'FL00000036', '184.55'),
('BK00000237', '9876543210', 'FL00000037', '191.48'),
('BK00000238', '1122334455', 'FL00000038', '59.17'),
('BK00000239', '2233445566', 'FL00000039', '158.00'),
('BK00000240', '3344556677', 'FL00000040', '174.54'),
('BK00000241', '4455667788', 'FL00000041', '81.04'),
('BK00000242', '5566778899', 'FL00000042', '155.68'),
('BK00000243', '6677889900', 'FL00000043', '56.47'),
('BK00000244', '1012345678', 'FL00000044', '117.25'),
('BK00000245', '2023456789', 'FL00000045', '55.19'),
('BK00000246', '3034567890', 'FL00000046', '180.23'),
('BK00000247', '4045678901', 'FL00000047', '133.82'),
('BK00000248', '5056789012', 'FL00000048', '98.28'),
('BK00000249', '6067890123', 'FL00000049', '81.90'),
('BK00000250', '7078901234', 'FL00000050', '175.43'),
('BK00000251', '8089012345', 'FL00000001', '83.32'),
('BK00000252', '9090123456', 'FL00000002', '161.82'),
('BK00000253', '1234567809', 'FL00000003', '198.02'),
('BK00000254', '9876543210', 'FL00000004', '197.45'),
('BK00000255', '1357924680', 'FL00000005', '59.07'),
('BK00000256', '2468013579', 'FL00000006', '101.41'),
('BK00000257', '3579135790', 'FL00000007', '143.24'),
('BK00000258', '4680246801', 'FL00000008', '64.56'),
('BK00000259', '5791357912', 'FL00000009', '94.88'),
('BK00000260', '6802468023', 'FL00000010', '199.58'),
('BK00000261', '7913579134', 'FL00000011', '151.82'),
('BK00000262', '8024680245', 'FL00000012', '79.75'),
('BK00000263', '9135791356', 'FL00000013', '171.15'),
('BK00000264', '1029384756', 'FL00000014', '73.90'),
('BK00000265', '5647382910', 'FL00000015', '135.73'),
('BK00000266', '9870123456', 'FL00000016', '178.29'),
('BK00000267', '1352467890', 'FL00000017', '137.93'),
('BK00000268', '2463578901', 'FL00000018', '79.70'),
('BK00000269', '3574689012', 'FL00000019', '191.31'),
('BK00000270', '4685790123', 'FL00000020', '102.76'),
('BK00000271', '5796801234', 'FL00000021', '127.37'),
('BK00000272', '6807912345', 'FL00000022', '143.40'),
('BK00000273', '7918023456', 'FL00000023', '97.39'),
('BK00000274', '9029134567', 'FL00000024', '100.37'),
('BK00000275', '1234567801', 'FL00000025', '59.54'),
('BK00000276', '7890123457', 'FL00000026', '186.62'),
('BK00000277', '3456789013', 'FL00000027', '160.44'),
('BK00000278', '4567890124', 'FL00000028', '160.93'),
('BK00000279', '5678901235', 'FL00000029', '80.29'),
('BK00000280', '6789012346', 'FL00000030', '85.27'),
('BK00000281', '7890123458', 'FL00000031', '176.75'),
('BK00000282', '8901234568', 'FL00000032', '121.46'),
('BK00000283', '1234567890', 'FL00000033', '78.73'),
('BK00000284', '9876543210', 'FL00000034', '92.16'),
('BK00000285', '1122334455', 'FL00000035', '105.15'),
('BK00000286', '2233445566', 'FL00000036', '196.45'),
('BK00000287', '3344556677', 'FL00000037', '63.72'),
('BK00000288', '4455667788', 'FL00000038', '184.03'),
('BK00000289', '5566778899', 'FL00000039', '159.97'),
('BK00000290', '6677889900', 'FL00000040', '134.70'),
('BK00000291', '1012345678', 'FL00000041', '96.98'),
('BK00000292', '2023456789', 'FL00000042', '119.96'),
('BK00000293', '3034567890', 'FL00000043', '57.22'),
('BK00000294', '4045678901', 'FL00000044', '171.56'),
('BK00000295', '5056789012', 'FL00000045', '72.87'),
('BK00000296', '6067890123', 'FL00000046', '91.71'),
('BK00000297', '7078901234', 'FL00000047', '196.09'),
('BK00000298', '8089012345', 'FL00000048', '127.98'),
('BK00000299', '9090123456', 'FL00000049', '139.42'),
('BK00000300', '1234567809', 'FL00000050', '196.40'),
('BK00000301', '9876543210', 'FL00000001', '103.91'),
('BK00000302', '1357924680', 'FL00000002', '76.49'),
('BK00000303', '2468013579', 'FL00000003', '64.22'),
('BK00000304', '3579135790', 'FL00000004', '109.82'),
('BK00000305', '4680246801', 'FL00000005', '56.03'),
('BK00000306', '5791357912', 'FL00000006', '192.95'),
('BK00000307', '6802468023', 'FL00000007', '173.31'),
('BK00000308', '7913579134', 'FL00000008', '193.62'),
('BK00000309', '8024680245', 'FL00000009', '172.60'),
('BK00000310', '9135791356', 'FL00000010', '69.57'),
('BK00000311', '1029384756', 'FL00000011', '155.74'),
('BK00000312', '5647382910', 'FL00000012', '52.17'),
('BK00000313', '9870123456', 'FL00000013', '109.53'),
('BK00000314', '1352467890', 'FL00000014', '117.12'),
('BK00000315', '2463578901', 'FL00000015', '161.69'),
('BK00000316', '3574689012', 'FL00000016', '91.51'),
('BK00000317', '4685790123', 'FL00000017', '149.54'),
('BK00000318', '5796801234', 'FL00000018', '191.43'),
('BK00000319', '6807912345', 'FL00000019', '188.01'),
('BK00000320', '7918023456', 'FL00000020', '137.26'),
('BK00000321', '9029134567', 'FL00000021', '67.03'),
('BK00000322', '1234567801', 'FL00000022', '72.38'),
('BK00000323', '7890123457', 'FL00000023', '64.91'),
('BK00000324', '3456789013', 'FL00000024', '62.72'),
('BK00000325', '4567890124', 'FL00000025', '199.57'),
('BK00000326', '5678901235', 'FL00000026', '167.52'),
('BK00000327', '6789012346', 'FL00000027', '51.98'),
('BK00000328', '7890123458', 'FL00000028', '147.50'),
('BK00000329', '8901234568', 'FL00000029', '137.41'),
('BK00000330', '1234567890', 'FL00000030', '68.79'),
('BK00000331', '9876543210', 'FL00000031', '131.10'),
('BK00000332', '1122334455', 'FL00000032', '178.19'),
('BK00000333', '2233445566', 'FL00000033', '188.35'),
('BK00000334', '3344556677', 'FL00000034', '78.95'),
('BK00000335', '4455667788', 'FL00000035', '145.62'),
('BK00000336', '5566778899', 'FL00000036', '70.11'),
('BK00000337', '6677889900', 'FL00000037', '85.45'),
('BK00000338', '1012345678', 'FL00000038', '68.99'),
('BK00000339', '2023456789', 'FL00000039', '97.50'),
('BK00000340', '3034567890', 'FL00000040', '56.11'),
('BK00000341', '4045678901', 'FL00000041', '175.69'),
('BK00000342', '5056789012', 'FL00000042', '135.82'),
('BK00000343', '6067890123', 'FL00000043', '109.29'),
('BK00000344', '7078901234', 'FL00000044', '106.50'),
('BK00000345', '8089012345', 'FL00000045', '171.34'),
('BK00000346', '9090123456', 'FL00000046', '178.11'),
('BK00000347', '1234567809', 'FL00000047', '58.51'),
('BK00000348', '9876543210', 'FL00000048', '94.64'),
('BK00000349', '1357924680', 'FL00000049', '113.01'),
('BK00000350', '2468013579', 'FL00000050', '86.45'),
('BK00000351', '3579135790', 'FL00000001', '197.30'),
('BK00000352', '4680246801', 'FL00000002', '125.56'),
('BK00000353', '5791357912', 'FL00000003', '60.17'),
('BK00000354', '6802468023', 'FL00000004', '197.77'),
('BK00000355', '7913579134', 'FL00000005', '157.72'),
('BK00000356', '8024680245', 'FL00000006', '83.35'),
('BK00000357', '9135791356', 'FL00000007', '199.05'),
('BK00000358', '1029384756', 'FL00000008', '179.51'),
('BK00000359', '5647382910', 'FL00000009', '190.75'),
('BK00000360', '9870123456', 'FL00000010', '195.30'),
('BK00000361', '1352467890', 'FL00000011', '65.48'),
('BK00000362', '2463578901', 'FL00000012', '102.56'),
('BK00000363', '3574689012', 'FL00000013', '58.86'),
('BK00000364', '4685790123', 'FL00000014', '103.91'),
('BK00000365', '5796801234', 'FL00000015', '124.45'),
('BK00000366', '6807912345', 'FL00000016', '166.30'),
('BK00000367', '7918023456', 'FL00000017', '88.27'),
('BK00000368', '9029134567', 'FL00000018', '52.08'),
('BK00000369', '1234567801', 'FL00000019', '92.08'),
('BK00000370', '7890123457', 'FL00000020', '181.41'),
('BK00000371', '3456789013', 'FL00000021', '63.54'),
('BK00000372', '4567890124', 'FL00000022', '95.95'),
('BK00000373', '5678901235', 'FL00000023', '131.90'),
('BK00000374', '6789012346', 'FL00000024', '198.97'),
('BK00000375', '7890123458', 'FL00000025', '65.66'),
('BK00000376', '8901234568', 'FL00000026', '141.65'),
('BK00000377', '1234567890', 'FL00000027', '129.82'),
('BK00000378', '9876543210', 'FL00000028', '130.99'),
('BK00000379', '1122334455', 'FL00000029', '173.28'),
('BK00000380', '2233445566', 'FL00000030', '95.73'),
('BK00000381', '3344556677', 'FL00000031', '177.70'),
('BK00000382', '4455667788', 'FL00000032', '166.57'),
('BK00000383', '5566778899', 'FL00000033', '167.03'),
('BK00000384', '6677889900', 'FL00000034', '141.56'),
('BK00000385', '1012345678', 'FL00000035', '81.15'),
('BK00000386', '2023456789', 'FL00000036', '136.28'),
('BK00000387', '3034567890', 'FL00000037', '52.04'),
('BK00000388', '4045678901', 'FL00000038', '149.26'),
('BK00000389', '5056789012', 'FL00000039', '185.49'),
('BK00000390', '6067890123', 'FL00000040', '74.35'),
('BK00000391', '7078901234', 'FL00000041', '101.23'),
('BK00000392', '8089012345', 'FL00000042', '110.13'),
('BK00000393', '9090123456', 'FL00000043', '81.82'),
('BK00000394', '1234567809', 'FL00000044', '152.38'),
('BK00000395', '9876543210', 'FL00000045', '53.43'),
('BK00000396', '1357924680', 'FL00000046', '101.23'),
('BK00000397', '2468013579', 'FL00000047', '110.13'),
('BK00000398', '3579135790', 'FL00000048', '81.82'),
('BK00000399', '4680246801', 'FL00000049', '152.38'),
('BK00000400', '5791357912', 'FL00000050', '53.43');

INSERT INTO `Servizio` (`ID_dipendente`, `ID_volo`) VALUES
('DIP0000001', 'FL00000001'),
('DIP0000003', 'FL00000002'),
('DIP0000007', 'FL00000003'),
('DIP0000009', 'FL00000004'),
('DIP0000013', 'FL00000005'),
('DIP0000017', 'FL00000006'),
('DIP0000019', 'FL00000007'),
('DIP0000023', 'FL00000008'),
('DIP0000025', 'FL00000009'),
('DIP0000029', 'FL00000010'),
('DIP0000033', 'FL00000011'),
('DIP0000037', 'FL00000012'),
('DIP0000041', 'FL00000013'),
('DIP0000045', 'FL00000014'),
('DIP0000048', 'FL00000015'),
('DIP0000051', 'FL00000016'),
('DIP0000054', 'FL00000017'),
('DIP0000057', 'FL00000018'),
('DIP0000001', 'FL00000019'),
('DIP0000003', 'FL00000020'),
('DIP0000007', 'FL00000021'),
('DIP0000009', 'FL00000022'),
('DIP0000013', 'FL00000023'),
('DIP0000017', 'FL00000024'),
('DIP0000019', 'FL00000025'),
('DIP0000023', 'FL00000026'),
('DIP0000025', 'FL00000027'),
('DIP0000029', 'FL00000028'),
('DIP0000033', 'FL00000029'),
('DIP0000037', 'FL00000030'),
('DIP0000041', 'FL00000031'),
('DIP0000045', 'FL00000032'),
('DIP0000048', 'FL00000033'),
('DIP0000051', 'FL00000034'),
('DIP0000054', 'FL00000035'),
('DIP0000057', 'FL00000036'),
('DIP0000001', 'FL00000037'),
('DIP0000003', 'FL00000038'),
('DIP0000007', 'FL00000039'),
('DIP0000009', 'FL00000040'),
('DIP0000013', 'FL00000041'),
('DIP0000017', 'FL00000042'),
('DIP0000019', 'FL00000043'),
('DIP0000023', 'FL00000044'),
('DIP0000025', 'FL00000045'),
('DIP0000029', 'FL00000046'),
('DIP0000033', 'FL00000047'),
('DIP0000037', 'FL00000048'),
('DIP0000041', 'FL00000049'),
('DIP0000045', 'FL00000050'),
('DIP0000048', 'FL00000001'),
('DIP0000051', 'FL00000002'),
('DIP0000054', 'FL00000003'),
('DIP0000057', 'FL00000004'),
('DIP0000001', 'FL00000005'),
('DIP0000003', 'FL00000006'),
('DIP0000007', 'FL00000007'),
('DIP0000009', 'FL00000008'),
('DIP0000013', 'FL00000009'),
('DIP0000017', 'FL00000010'),
('DIP0000019', 'FL00000011'),
('DIP0000023', 'FL00000012'),
('DIP0000025', 'FL00000013'),
('DIP0000029', 'FL00000014'),
('DIP0000033', 'FL00000015'),
('DIP0000037', 'FL00000016'),
('DIP0000041', 'FL00000017'),
('DIP0000045', 'FL00000018'),
('DIP0000048', 'FL00000019'),
('DIP0000051', 'FL00000020'),
('DIP0000054', 'FL00000021'),
('DIP0000057', 'FL00000022'),
('DIP0000001', 'FL00000023'),
('DIP0000003', 'FL00000024'),
('DIP0000007', 'FL00000025'),
('DIP0000009', 'FL00000026'),
('DIP0000013', 'FL00000027'),
('DIP0000017', 'FL00000028'),
('DIP0000019', 'FL00000029'),
('DIP0000023', 'FL00000030'),
('DIP0000025', 'FL00000031'),
('DIP0000029', 'FL00000032'),
('DIP0000033', 'FL00000033'),
('DIP0000037', 'FL00000034'),
('DIP0000041', 'FL00000035'),
('DIP0000045', 'FL00000036'),
('DIP0000048', 'FL00000037'),
('DIP0000051', 'FL00000038'),
('DIP0000054', 'FL00000039'),
('DIP0000057', 'FL00000040'),
('DIP0000001', 'FL00000041'),
('DIP0000003', 'FL00000042'),
('DIP0000007', 'FL00000043'),
('DIP0000009', 'FL00000044'),
('DIP0000013', 'FL00000045'),
('DIP0000017', 'FL00000046'),
('DIP0000019', 'FL00000047'),
('DIP0000023', 'FL00000048'),
('DIP0000025', 'FL00000049'),
('DIP0000029', 'FL00000050'),
('DIP0000002', 'FL00000001'),
('DIP0000004', 'FL00000002'),
('DIP0000006', 'FL00000003'),
('DIP0000008', 'FL00000004'),
('DIP0000010', 'FL00000005'),
('DIP0000012', 'FL00000006'),
('DIP0000014', 'FL00000007'),
('DIP0000016', 'FL00000008'),
('DIP0000018', 'FL00000009'),
('DIP0000020', 'FL00000010'),
('DIP0000022', 'FL00000011'),
('DIP0000024', 'FL00000012'),
('DIP0000026', 'FL00000013'),
('DIP0000028', 'FL00000014'),
('DIP0000030', 'FL00000015'),
('DIP0000032', 'FL00000016'),
('DIP0000034', 'FL00000017'),
('DIP0000036', 'FL00000018'),
('DIP0000038', 'FL00000019'),
('DIP0000040', 'FL00000020'),
('DIP0000042', 'FL00000021'),
('DIP0000044', 'FL00000022'),
('DIP0000046', 'FL00000023'),
('DIP0000049', 'FL00000024'),
('DIP0000052', 'FL00000025'),
('DIP0000055', 'FL00000026'),
('DIP0000058', 'FL00000027'),
('DIP0000060', 'FL00000028'),
('DIP0000002', 'FL00000029'),
('DIP0000004', 'FL00000030'),
('DIP0000006', 'FL00000031'),
('DIP0000008', 'FL00000032'),
('DIP0000010', 'FL00000033'),
('DIP0000012', 'FL00000034'),
('DIP0000014', 'FL00000035'),
('DIP0000016', 'FL00000036'),
('DIP0000018', 'FL00000037'),
('DIP0000020', 'FL00000038'),
('DIP0000022', 'FL00000039'),
('DIP0000024', 'FL00000040'),
('DIP0000026', 'FL00000041'),
('DIP0000028', 'FL00000042'),
('DIP0000030', 'FL00000043'),
('DIP0000032', 'FL00000044'),
('DIP0000034', 'FL00000045'),
('DIP0000036', 'FL00000046'),
('DIP0000038', 'FL00000047'),
('DIP0000040', 'FL00000048'),
('DIP0000042', 'FL00000049'),
('DIP0000044', 'FL00000050'),
('DIP0000046', 'FL00000001'),
('DIP0000049', 'FL00000002'),
('DIP0000052', 'FL00000003'),
('DIP0000055', 'FL00000004'),
('DIP0000058', 'FL00000005'),
('DIP0000060', 'FL00000006'),
('DIP0000002', 'FL00000007'),
('DIP0000004', 'FL00000008'),
('DIP0000006', 'FL00000009'),
('DIP0000008', 'FL00000010'),
('DIP0000010', 'FL00000011'),
('DIP0000012', 'FL00000012'),
('DIP0000014', 'FL00000013'),
('DIP0000016', 'FL00000014'),
('DIP0000018', 'FL00000015'),
('DIP0000020', 'FL00000016'),
('DIP0000022', 'FL00000017'),
('DIP0000024', 'FL00000018'),
('DIP0000026', 'FL00000019'),
('DIP0000028', 'FL00000020'),
('DIP0000030', 'FL00000021'),
('DIP0000032', 'FL00000022'),
('DIP0000034', 'FL00000023'),
('DIP0000036', 'FL00000024'),
('DIP0000038', 'FL00000025'),
('DIP0000040', 'FL00000026'),
('DIP0000042', 'FL00000027'),
('DIP0000044', 'FL00000028'),
('DIP0000046', 'FL00000029'),
('DIP0000049', 'FL00000030'),
('DIP0000052', 'FL00000031'),
('DIP0000055', 'FL00000032'),
('DIP0000058', 'FL00000033'),
('DIP0000060', 'FL00000034'),
('DIP0000002', 'FL00000035'),
('DIP0000004', 'FL00000036'),
('DIP0000006', 'FL00000037'),
('DIP0000008', 'FL00000038'),
('DIP0000010', 'FL00000039'),
('DIP0000012', 'FL00000040'),
('DIP0000014', 'FL00000041'),
('DIP0000016', 'FL00000042'),
('DIP0000018', 'FL00000043'),
('DIP0000020', 'FL00000044'),
('DIP0000022', 'FL00000045'),
('DIP0000024', 'FL00000046'),
('DIP0000026', 'FL00000047'),
('DIP0000028', 'FL00000048'),
('DIP0000030', 'FL00000049'),
('DIP0000032', 'FL00000050'),
('DIP0000034', 'FL00000001'),
('DIP0000036', 'FL00000002'),
('DIP0000038', 'FL00000003'),
('DIP0000040', 'FL00000004'),
('DIP0000042', 'FL00000005'),
('DIP0000044', 'FL00000006'),
('DIP0000046', 'FL00000007'),
('DIP0000049', 'FL00000008'),
('DIP0000052', 'FL00000009'),
('DIP0000055', 'FL00000010'),
('DIP0000058', 'FL00000011'),
('DIP0000060', 'FL00000012'),
('DIP0000002', 'FL00000013'),
('DIP0000004', 'FL00000014'),
('DIP0000006', 'FL00000015'),
('DIP0000008', 'FL00000016'),
('DIP0000010', 'FL00000017'),
('DIP0000012', 'FL00000018'),
('DIP0000014', 'FL00000019'),
('DIP0000016', 'FL00000020'),
('DIP0000018', 'FL00000021'),
('DIP0000020', 'FL00000022'),
('DIP0000022', 'FL00000023'),
('DIP0000024', 'FL00000024'),
('DIP0000026', 'FL00000025'),
('DIP0000028', 'FL00000026'),
('DIP0000030', 'FL00000027'),
('DIP0000032', 'FL00000028'),
('DIP0000034', 'FL00000029'),
('DIP0000036', 'FL00000030'),
('DIP0000038', 'FL00000031'),
('DIP0000040', 'FL00000032'),
('DIP0000042', 'FL00000033'),
('DIP0000044', 'FL00000034'),
('DIP0000046', 'FL00000035'),
('DIP0000049', 'FL00000036'),
('DIP0000052', 'FL00000037'),
('DIP0000055', 'FL00000038'),
('DIP0000058', 'FL00000039'),
('DIP0000060', 'FL00000040'),
('DIP0000002', 'FL00000041'),
('DIP0000004', 'FL00000042'),
('DIP0000006', 'FL00000043'),
('DIP0000008', 'FL00000044'),
('DIP0000010', 'FL00000045'),
('DIP0000012', 'FL00000046'),
('DIP0000014', 'FL00000047'),
('DIP0000016', 'FL00000048'),
('DIP0000018', 'FL00000049'),
('DIP0000020', 'FL00000050'),
('DIP0000022', 'FL00000001'),
('DIP0000024', 'FL00000002'),
('DIP0000026', 'FL00000003'),
('DIP0000028', 'FL00000004'),
('DIP0000030', 'FL00000005'),
('DIP0000032', 'FL00000006'),
('DIP0000034', 'FL00000007'),
('DIP0000036', 'FL00000008'),
('DIP0000038', 'FL00000009'),
('DIP0000040', 'FL00000010'),
('DIP0000042', 'FL00000011'),
('DIP0000044', 'FL00000012'),
('DIP0000046', 'FL00000013'),
('DIP0000049', 'FL00000014'),
('DIP0000052', 'FL00000015'),
('DIP0000055', 'FL00000016'),
('DIP0000058', 'FL00000017'),
('DIP0000060', 'FL00000018'),
('DIP0000002', 'FL00000019'),
('DIP0000004', 'FL00000020'),
('DIP0000006', 'FL00000021'),
('DIP0000008', 'FL00000022'),
('DIP0000010', 'FL00000023'),
('DIP0000012', 'FL00000024'),
('DIP0000014', 'FL00000025'),
('DIP0000016', 'FL00000026'),
('DIP0000018', 'FL00000027'),
('DIP0000020', 'FL00000028'),
('DIP0000022', 'FL00000029'),
('DIP0000024', 'FL00000030'),
('DIP0000026', 'FL00000031'),
('DIP0000028', 'FL00000032'),
('DIP0000030', 'FL00000033'),
('DIP0000032', 'FL00000034'),
('DIP0000034', 'FL00000035'),
('DIP0000036', 'FL00000036'),
('DIP0000038', 'FL00000037'),
('DIP0000040', 'FL00000038'),
('DIP0000042', 'FL00000039'),
('DIP0000044', 'FL00000040'),
('DIP0000046', 'FL00000041'),
('DIP0000049', 'FL00000042'),
('DIP0000052', 'FL00000043'),
('DIP0000055', 'FL00000044'),
('DIP0000058', 'FL00000045'),
('DIP0000060', 'FL00000046'),
('DIP0000002', 'FL00000047'),
('DIP0000004', 'FL00000048'),
('DIP0000006', 'FL00000049'),
('DIP0000008', 'FL00000050'),
('DIP0000001', 'FL00000051'),
('DIP0000003', 'FL00000052'),
('DIP0000007', 'FL00000053'),
('DIP0000009', 'FL00000054'),
('DIP0000013', 'FL00000055'),
('DIP0000017', 'FL00000056'),
('DIP0000019', 'FL00000057'),
('DIP0000023', 'FL00000058'),
('DIP0000025', 'FL00000059'),
('DIP0000029', 'FL00000060'),
('DIP0000033', 'FL00000061'),
('DIP0000037', 'FL00000062'),
('DIP0000041', 'FL00000063'),
('DIP0000045', 'FL00000064'),
('DIP0000048', 'FL00000065'),
('DIP0000051', 'FL00000066'),
('DIP0000054', 'FL00000067'),
('DIP0000057', 'FL00000068'),
('DIP0000001', 'FL00000069'),
('DIP0000003', 'FL00000070'),
('DIP0000007', 'FL00000071'),
('DIP0000009', 'FL00000072'),
('DIP0000013', 'FL00000073'),
('DIP0000017', 'FL00000074'),
('DIP0000019', 'FL00000075'),
('DIP0000023', 'FL00000076'),
('DIP0000025', 'FL00000077'),
('DIP0000029', 'FL00000078'),
('DIP0000033', 'FL00000079'),
('DIP0000037', 'FL00000080'),
('DIP0000041', 'FL00000081'),
('DIP0000045', 'FL00000082'),
('DIP0000048', 'FL00000083'),
('DIP0000051', 'FL00000084'),
('DIP0000054', 'FL00000085'),
('DIP0000057', 'FL00000086'),
('DIP0000001', 'FL00000087'),
('DIP0000003', 'FL00000088'),
('DIP0000007', 'FL00000089'),
('DIP0000009', 'FL00000090'),
('DIP0000013', 'FL00000091'),
('DIP0000017', 'FL00000092'),
('DIP0000019', 'FL00000093'),
('DIP0000023', 'FL00000094'),
('DIP0000025', 'FL00000095'),
('DIP0000029', 'FL00000096'),
('DIP0000033', 'FL00000097'),
('DIP0000037', 'FL00000098'),
('DIP0000041', 'FL00000099'),
('DIP0000045', 'FL00000100'),
('DIP0000048', 'FL00000101'),
('DIP0000051', 'FL00000102'),
('DIP0000054', 'FL00000103'),
('DIP0000057', 'FL00000104'),
('DIP0000001', 'FL00000105'),
('DIP0000003', 'FL00000106'),
('DIP0000007', 'FL00000107'),
('DIP0000009', 'FL00000051'),
('DIP0000013', 'FL00000052'),
('DIP0000017', 'FL00000053'),
('DIP0000019', 'FL00000054'),
('DIP0000023', 'FL00000055'),
('DIP0000025', 'FL00000056'),
('DIP0000029', 'FL00000057'),
('DIP0000033', 'FL00000058'),
('DIP0000037', 'FL00000059'),
('DIP0000041', 'FL00000060'),
('DIP0000045', 'FL00000061'),
('DIP0000048', 'FL00000062'),
('DIP0000051', 'FL00000063'),
('DIP0000054', 'FL00000064'),
('DIP0000057', 'FL00000065'),
('DIP0000001', 'FL00000066'),
('DIP0000003', 'FL00000067'),
('DIP0000007', 'FL00000068'),
('DIP0000009', 'FL00000069'),
('DIP0000013', 'FL00000070'),
('DIP0000017', 'FL00000071'),
('DIP0000019', 'FL00000072'),
('DIP0000023', 'FL00000073'),
('DIP0000025', 'FL00000074'),
('DIP0000029', 'FL00000075'),
('DIP0000033', 'FL00000076'),
('DIP0000037', 'FL00000077'),
('DIP0000041', 'FL00000078'),
('DIP0000045', 'FL00000079'),
('DIP0000048', 'FL00000080'),
('DIP0000051', 'FL00000081'),
('DIP0000054', 'FL00000082'),
('DIP0000057', 'FL00000083'),
('DIP0000001', 'FL00000084'),
('DIP0000003', 'FL00000085'),
('DIP0000007', 'FL00000086'),
('DIP0000009', 'FL00000087'),
('DIP0000013', 'FL00000088'),
('DIP0000017', 'FL00000089'),
('DIP0000019', 'FL00000090'),
('DIP0000023', 'FL00000091'),
('DIP0000025', 'FL00000092'),
('DIP0000029', 'FL00000093'),
('DIP0000033', 'FL00000094'),
('DIP0000037', 'FL00000095'),
('DIP0000041', 'FL00000096'),
('DIP0000045', 'FL00000097'),
('DIP0000048', 'FL00000098'),
('DIP0000051', 'FL00000099'),
('DIP0000054', 'FL00000100'),
('DIP0000057', 'FL00000101'),
('DIP0000001', 'FL00000102'),
('DIP0000003', 'FL00000103'),
('DIP0000007', 'FL00000104'),
('DIP0000009', 'FL00000105'),
('DIP0000013', 'FL00000106'),
('DIP0000017', 'FL00000107'),
('DIP0000019', 'FL00000051'),
('DIP0000023', 'FL00000052'),
('DIP0000002', 'FL00000053'),
('DIP0000004', 'FL00000054'),
('DIP0000006', 'FL00000055'),
('DIP0000008', 'FL00000056'),
('DIP0000010', 'FL00000057'),
('DIP0000012', 'FL00000058'),
('DIP0000014', 'FL00000059'),
('DIP0000016', 'FL00000060'),
('DIP0000018', 'FL00000061'),
('DIP0000020', 'FL00000062'),
('DIP0000022', 'FL00000063'),
('DIP0000024', 'FL00000064'),
('DIP0000026', 'FL00000065'),
('DIP0000028', 'FL00000066'),
('DIP0000030', 'FL00000067'),
('DIP0000032', 'FL00000068'),
('DIP0000034', 'FL00000069'),
('DIP0000036', 'FL00000070'),
('DIP0000038', 'FL00000071'),
('DIP0000040', 'FL00000072'),
('DIP0000042', 'FL00000073'),
('DIP0000044', 'FL00000074'),
('DIP0000046', 'FL00000075'),
('DIP0000049', 'FL00000076'),
('DIP0000052', 'FL00000077'),
('DIP0000055', 'FL00000078'),
('DIP0000058', 'FL00000079'),
('DIP0000060', 'FL00000080'),
('DIP0000002', 'FL00000081'),
('DIP0000004', 'FL00000082'),
('DIP0000006', 'FL00000083'),
('DIP0000008', 'FL00000084'),
('DIP0000010', 'FL00000085'),
('DIP0000012', 'FL00000086'),
('DIP0000014', 'FL00000087'),
('DIP0000016', 'FL00000088'),
('DIP0000018', 'FL00000089'),
('DIP0000020', 'FL00000090'),
('DIP0000022', 'FL00000091'),
('DIP0000024', 'FL00000092'),
('DIP0000026', 'FL00000093'),
('DIP0000028', 'FL00000094'),
('DIP0000030', 'FL00000095'),
('DIP0000032', 'FL00000096'),
('DIP0000034', 'FL00000097'),
('DIP0000036', 'FL00000098'),
('DIP0000038', 'FL00000099'),
('DIP0000040', 'FL00000100'),
('DIP0000042', 'FL00000101'),
('DIP0000044', 'FL00000102'),
('DIP0000046', 'FL00000103'),
('DIP0000049', 'FL00000104'),
('DIP0000052', 'FL00000105'),
('DIP0000055', 'FL00000106'),
('DIP0000058', 'FL00000107'),
('DIP0000060', 'FL00000051'),
('DIP0000002', 'FL00000052'),
('DIP0000004', 'FL00000053'),
('DIP0000006', 'FL00000054'),
('DIP0000008', 'FL00000055'),
('DIP0000010', 'FL00000056'),
('DIP0000012', 'FL00000057'),
('DIP0000014', 'FL00000058'),
('DIP0000016', 'FL00000059'),
('DIP0000018', 'FL00000060'),
('DIP0000020', 'FL00000061'),
('DIP0000022', 'FL00000062'),
('DIP0000024', 'FL00000063'),
('DIP0000026', 'FL00000064'),
('DIP0000028', 'FL00000065'),
('DIP0000030', 'FL00000066'),
('DIP0000032', 'FL00000067'),
('DIP0000034', 'FL00000068'),
('DIP0000036', 'FL00000069'),
('DIP0000038', 'FL00000070'),
('DIP0000040', 'FL00000071'),
('DIP0000042', 'FL00000072'),
('DIP0000044', 'FL00000073'),
('DIP0000046', 'FL00000074'),
('DIP0000049', 'FL00000075'),
('DIP0000052', 'FL00000076'),
('DIP0000055', 'FL00000077'),
('DIP0000058', 'FL00000078'),
('DIP0000060', 'FL00000079'),
('DIP0000002', 'FL00000080'),
('DIP0000004', 'FL00000081'),
('DIP0000006', 'FL00000082'),
('DIP0000008', 'FL00000083'),
('DIP0000010', 'FL00000084'),
('DIP0000012', 'FL00000085'),
('DIP0000014', 'FL00000086'),
('DIP0000016', 'FL00000087'),
('DIP0000018', 'FL00000088'),
('DIP0000020', 'FL00000089'),
('DIP0000022', 'FL00000090'),
('DIP0000024', 'FL00000091'),
('DIP0000026', 'FL00000092'),
('DIP0000028', 'FL00000093'),
('DIP0000030', 'FL00000094'),
('DIP0000032', 'FL00000095'),
('DIP0000034', 'FL00000096'),
('DIP0000036', 'FL00000097'),
('DIP0000038', 'FL00000098'),
('DIP0000040', 'FL00000099'),
('DIP0000042', 'FL00000100'),
('DIP0000044', 'FL00000101'),
('DIP0000046', 'FL00000102'),
('DIP0000049', 'FL00000103'),
('DIP0000052', 'FL00000104'),
('DIP0000055', 'FL00000105'),
('DIP0000058', 'FL00000106'),
('DIP0000060', 'FL00000107'),
('DIP0000002', 'FL00000051'),
('DIP0000004', 'FL00000052'),
('DIP0000006', 'FL00000053'),
('DIP0000008', 'FL00000054'),
('DIP0000010', 'FL00000055'),
('DIP0000012', 'FL00000056'),
('DIP0000014', 'FL00000057'),
('DIP0000016', 'FL00000058'),
('DIP0000018', 'FL00000059'),
('DIP0000020', 'FL00000060'),
('DIP0000022', 'FL00000061'),
('DIP0000024', 'FL00000062'),
('DIP0000026', 'FL00000063'),
('DIP0000028', 'FL00000064'),
('DIP0000030', 'FL00000065'),
('DIP0000032', 'FL00000066'),
('DIP0000034', 'FL00000067'),
('DIP0000036', 'FL00000068'),
('DIP0000038', 'FL00000069'),
('DIP0000040', 'FL00000070'),
('DIP0000042', 'FL00000071'),
('DIP0000044', 'FL00000072'),
('DIP0000046', 'FL00000073'),
('DIP0000049', 'FL00000074'),
('DIP0000052', 'FL00000075'),
('DIP0000055', 'FL00000076'),
('DIP0000058', 'FL00000077'),
('DIP0000060', 'FL00000078'),
('DIP0000002', 'FL00000079'),
('DIP0000004', 'FL00000080'),
('DIP0000006', 'FL00000081'),
('DIP0000008', 'FL00000082'),
('DIP0000010', 'FL00000083'),
('DIP0000012', 'FL00000084'),
('DIP0000014', 'FL00000085'),
('DIP0000016', 'FL00000086'),
('DIP0000018', 'FL00000087'),
('DIP0000020', 'FL00000088'),
('DIP0000022', 'FL00000089'),
('DIP0000024', 'FL00000090'),
('DIP0000026', 'FL00000091'),
('DIP0000028', 'FL00000092'),
('DIP0000030', 'FL00000093'),
('DIP0000032', 'FL00000094'),
('DIP0000034', 'FL00000095'),
('DIP0000036', 'FL00000096'),
('DIP0000038', 'FL00000097'),
('DIP0000040', 'FL00000098'),
('DIP0000042', 'FL00000099'),
('DIP0000044', 'FL00000100'),
('DIP0000046', 'FL00000101'),
('DIP0000049', 'FL00000102'),
('DIP0000052', 'FL00000103'),
('DIP0000055', 'FL00000104'),
('DIP0000058', 'FL00000105'),
('DIP0000060', 'FL00000106'),
('DIP0000002', 'FL00000107'),
('DIP0000004', 'FL00000051'),
('DIP0000006', 'FL00000052'),
('DIP0000008', 'FL00000053'),
('DIP0000010', 'FL00000054'),
('DIP0000012', 'FL00000055'),
('DIP0000014', 'FL00000056'),
('DIP0000016', 'FL00000057'),
('DIP0000018', 'FL00000058'),
('DIP0000020', 'FL00000059'),
('DIP0000022', 'FL00000060'),
('DIP0000024', 'FL00000061'),
('DIP0000026', 'FL00000062'),
('DIP0000028', 'FL00000063'),
('DIP0000030', 'FL00000064'),
('DIP0000032', 'FL00000065'),
('DIP0000034', 'FL00000066'),
('DIP0000036', 'FL00000067'),
('DIP0000038', 'FL00000068'),
('DIP0000040', 'FL00000069'),
('DIP0000042', 'FL00000070'),
('DIP0000044', 'FL00000071'),
('DIP0000046', 'FL00000072'),
('DIP0000049', 'FL00000073'),
('DIP0000052', 'FL00000074'),
('DIP0000055', 'FL00000075'),
('DIP0000058', 'FL00000076'),
('DIP0000060', 'FL00000077'),
('DIP0000002', 'FL00000078'),
('DIP0000004', 'FL00000079'),
('DIP0000006', 'FL00000080'),
('DIP0000008', 'FL00000081'),
('DIP0000010', 'FL00000082'),
('DIP0000012', 'FL00000083'),
('DIP0000014', 'FL00000084'),
('DIP0000016', 'FL00000085'),
('DIP0000018', 'FL00000086'),
('DIP0000020', 'FL00000087'),
('DIP0000022', 'FL00000088'),
('DIP0000024', 'FL00000089'),
('DIP0000026', 'FL00000090'),
('DIP0000028', 'FL00000091'),
('DIP0000030', 'FL00000092'),
('DIP0000032', 'FL00000093'),
('DIP0000034', 'FL00000094'),
('DIP0000036', 'FL00000095'),
('DIP0000038', 'FL00000096'),
('DIP0000040', 'FL00000097'),
('DIP0000042', 'FL00000098'),
('DIP0000044', 'FL00000099'),
('DIP0000046', 'FL00000100'),
('DIP0000049', 'FL00000101'),
('DIP0000052', 'FL00000102'),
('DIP0000055', 'FL00000103'),
('DIP0000058', 'FL00000104'),
('DIP0000060', 'FL00000105'),
('DIP0000002', 'FL00000106'),
('DIP0000004', 'FL00000107');


